{
  "name": "熏香祭坛",
  "icon": "bloodmagic:incensealtar",
  "category": "bloodmagic:utility",
  "pages": [
    {
      "type": "patchouli:text",
      "text": "$(item)熏香祭坛$()是一个多方块结构，可以提高你在$(l:bloodmagic:altar/blood_altar)血祭坛$()自我牺牲时的产量。透过站在附近，$(item)熏香祭坛$()将根据该区域的情形抚慰你的灵魂。$(thing)宁静$()，使你大大增加获得的$(blood)LP$()。"
    },
    {
      "type": "patchouli:crafting",
      "recipe": "bloodmagic:incense_altar"
    },
    {
      "type": "patchouli:text",
      "text": "阶级1的基础设置为$(item)熏香祭坛$()本身;将把放置在任何地方(你可能会想创建3x3的平台，这将在后面有帮助)，并保持在祭坛的半径5格方块内。$(br2)当祭坛运作时，它将从顶部散发火焰粒子，并转化你的$(l:bloodmagic:altar/blood_altar#knife)牺牲匕首$()。一但你的匕首被转化，在$(l:bloodmagic:altar/blood_altar)血祭坛$()附近按住并放开右键。将会一次牺牲90%的生命值。"
    },
    {
      "type": "patchouli:image",
      "images": [
        "bloodmagic:images/entries/utility/incense_altar1.png"
      ],
      "title": "基础配置",
      "border": true,
      "text": "在3x3路径范围内的基础配置。"
    },
    {
      "type": "patchouli:text",
      "text": "更重要的是，根据在区域内的$(thing)宁静$()总量，你将会得到额外的$(blood)LP$()存入$(l:bloodmagic:altar/blood_altar)血祭坛$()内。当你在$(item)熏香祭坛$()周围徘徊$(l:bloodmagic:alchemy_array/sigil/divination)占卜印记$(/l)或$(l:bloodmagic:alchemy_array/sigil/seer)先知印记$()将会显示$(thing)宁静$()总量(顶部的数字)，和牺牲时获得的百分比奖励(底部数字)。当你牺牲时，通常会获得乘以(1 + 额外获得/100)$(blood)的LP$()。"
    },
    {
      "type": "patchouli:image",
      "images": [
        "bloodmagic:images/entries/utility/incense_altar2.png"
      ],
      "title": "熏香 HUD",
      "border": true,
      "text": "熏香 HUD，缺省在画面左上角，显示自我牺牲的奖励为+20%。"
    },
    {
      "type": "patchouli:text",
      "text": "\"但是，我该怎麽增加额外奖励?\"什麽?透过增加区域内的$(thing)宁静$()!...好吧，这可能有点含糊。$(br2)为了增加区域内的$(thing)宁静$()，你需要在$(item)熏香祭坛$()周围放上通往外面的路径。这些路径需要由一组三格宽的$(item)路径$()方块组成，如$(item)木制路$()，从3x3的中心往四个方向延伸。"
    },
    {
      "type": "patchouli:crafting",
      "recipe": "bloodmagic:path/path_wood",
      "recipe2": "bloodmagic:path/path_woodtile"
    },
    {
      "type": "patchouli:crafting",
      "recipe": "bloodmagic:path/path_stone",
      "recipe2": "bloodmagic:path/path_stonetile"
    },
    {
      "type": "patchouli:crafting",
      "recipe": "bloodmagic:path/path_wornstone",
      "recipe2": "bloodmagic:path/path_wornstonetile"
    },
    {
      "type": "patchouli:crafting",
      "recipe": "bloodmagic:path/path_obsidian",
      "recipe2": "bloodmagic:path/path_obsidiantile"
    },
    {
      "type": "patchouli:text",
      "text": "每个新的\"路径环\"方块都需要遵循槼则: $(li)所有同一路径环方块必须在同一个Y层。$(li)下一环的方块不得比上一环高/低五格方块以上。$(li)同一层或比路径区块高出两格方块的区块，将会计入总$(thing)宁静$() - 这些区块使用玻璃方块示范。"
    },
    {
      "type": "patchouli:image",
      "images": [
        "bloodmagic:images/entries/utility/incense_altar.png"
      ],
      "title": "熏香祭坛",
      "border": true,
      "text": "具有不同路径的熏香祭坛。"
    },
    {
      "type": "patchouli:text",
      "text": "此外:$(li)每种路径方块的效果只能维持一段距离:木制路只能从中心往外走3环，石路最多5环，碎石砖能够走7环，黑曜石路能够走9环。$(bn2)显然，并不是每一种方块都能作为路径算入$(thing)宁静$()。不是随便一颗鹅卵石就能办到的，不是!我们需要作物，泥土...甚至是岩浆?"
    },
    {
      "type": "patchouli:text",
      "text": "有多种方块种类可以被计入$(thing)宁静$()。排序不分前后,可以是:植物，作物，树木，泥土，水，火，甚至是岩浆。$(item)熏香祭坛$()会观察范围内所有的方块(由路经区块定义)，并计算每种类型的总$(thing)宁静$()。然后将它们加在一起计算出区域总$(thing)宁静$()。"
    },
    {
      "type": "patchouli:text",
      "text": "这代表，在游戏後其最好有多种不同类型的$(thing)宁静方块$()。虽然其它模块可能也会加入自己的方块，而且以后只会更多，但总体来说对$(thing)宁静$()提升有所帮助的方块有:岩浆，水(含大多数含水方块。)，生命精华，下界石，泥土，耕土，马铃薯，胡萝卜，小麦，下界疙瘩，甜菜根，树叶，原木，火，以及玻璃。"
    },
    {
      "type": "patchouli:image",
      "images": [
        "bloodmagic:images/entries/utility/incense_altar3.png"
      ],
      "title": "熏香祭坛配置",
      "border": true,
      "text": "游戏后期熏香祭坛的不同层次。"
    },
    {
      "type": "patchouli:text",
      "text": "当然，你的设计可以是徒峭或是平缓的(在合理范围内，如本条当前面所定义的)。$(br2)需要注意的是$(thing)宁静奖励$()上限是根据祭坛的大小(以及所使用的路径等级)。计算如下: $(li)没有路径: 20%。 $(li)木制路: 60%。 $(li)石路: 120%。 $(li)碎石路: 200%。 $(li)黑曜石路: 300%。"
    },
    {
      "type": "patchouli:image",
      "images": [
        "bloodmagic:images/entries/utility/incense_altar4.png"
      ],
      "title": "熏香祭坛配置",
      "border": true,
      "text": "一种简单的$(item)熏香祭坛$()配置。混合不同的路径方块(选择性)。"
    }
  ]
}
