{
  "name": "基础矿物处理",
  "icon": "bloodmagic:basiccuttingfluid",
  "category": "bloodmagic:utility",
  "extra_recipe_mappings": {
    "bloodmagic:copperfragment": 7,
    "bloodmagic:goldfragment": 7,
    "bloodmagic:fragment_netherite_scrap": 7,
    "bloodmagic:coppergravel": 9,
    "bloodmagic:goldgravel": 9,
    "bloodmagic:gravel_netherite_scrap": 9,
    "bloodmagic:coppersand": 7,
    "bloodmagic:sand_netherite": 7
      },
  "pages": [
    {
      "type": "patchouli:text",
      "text": "$(l:bloodmagic:alchemy_table/alchemy_table)炼金桌$()可以使用在其他方面，象是矿物翻倍，而$(l:bloodmagic:utility/alchemical_reaction_chamber)炼金术反应室$()则能使矿物增加3倍。用血液的力量从你的采矿之旅中获取更多矿石!"
    },
    {
      "type": "bloodmagic:crafting_alchemy_table",
      "heading": "基础切削液",
	  "anchor": "cutting_fluid",
      "recipe": "bloodmagic:alchemytable/basic_cutting_fluid_sigil",
      "text": "基础切削液用于2倍矿物处理。它也可以在$(l:bloodmagic:utility/alchemical_reaction_chamber)炼金术反应室$(/l)用于同样目的。虽然范例中使用了$(l:bloodmagic:alchemy_array/sigil/water)水之印记$()，但也可以使用$(water)水瓶$()替代，不过与印记不同，它将会被消耗。"
    },
    {
      "type": "bloodmagic:crafting_alchemy_table",
      "heading": "中级切削液",
      "anchor": "intermediate_cutting_fluid",
      "recipe": "bloodmagic:alchemytable/intermediate_cutting_fluid_sigil",
      "text": "中级切削液是一个改良版本，持续时间为原本的8倍，并提供25%速度加成。不过你得去$(l:bloodmagic:dungeons/lobby)探索地城$()并获取$(l:bloodmagic:dungeons/tau_fruit)血命果$()。"
    },
    {		
      "type": "bloodmagic:2x_crafting_alchemy_table",
      "a.heading": "铁沙",
      "a.recipe": "bloodmagic:alchemytable/sand_iron",
      "b.heading": "金沙",
      "b.recipe": "bloodmagic:alchemytable/sand_gold"
    },
    {
      "type": "patchouli:smelting",
      "recipe":"bloodmagic:smelting/ingot_iron",
      "recipe2": "bloodmagic:smelting/ingot_gold"
    },
    {
      "type": "bloodmagic:crafting_alchemy_table",
      "heading": "爆炸粉末",
      "anchor": "ore_processing",
      "recipe": "bloodmagic:alchemytable/explosive_powder",
      "text": "$(item)爆炸粉末$()是在$(item)炼金术反应室$()中将$(item)矿物$()转化成$(item)矿物碎片$()并用於$(thing)3倍矿物处理$()，或者将$(item)锭$()转化为$(item)沙$()。还能够使$(fire)下界石$()转化为$(#ADFEDC)硫磺$()以及5mb的$(fire)岩浆$()。"
    },
    {
      "type": "bloodmagic:3x_crafting_arc",
      "a.heading": "矿物到3块矿物碎片",
      "a.recipe": "bloodmagic:arc/fragmentsiron",
      "b.heading": "锭到金属沙",
      "b.recipe": "bloodmagic:arc/dustsfrom_ingot_iron",
      "c.heading": "硫磺及岩浆",
      "c.recipe": "bloodmagic:arc/netherrack_to_sulfer",
      "c.fluid_output": "minecraft:lava_bucket"
    },
    {
      "type": "bloodmagic:crafting_soulforge",
      "heading": "共振器",
      "recipe": "bloodmagic:soulforge/resonator",
      "text": "$(item)共振器$()用于将$(item)矿物碎片$()转化为对应的$(item)砾石$()以便继续进行矿物处理，并生成一些$(item)微小的粉尘$()，但这尚未实现。"
    },
    {
      "type": "bloodmagic:crafting_arc",
      "heading": "碎片到砾石",
      "recipe": "bloodmagic:arc/gravelsiron"
    },
    {
      "type": "patchouli:text",
      "text": "$(item)切削液$()使用于将金属的$(item)砾石$()转化为该金属的$(item)沙$()以便进行$(thing)3倍矿物处理$()。也能够将$(item)矿物$()直接转化为2个金属沙以便进行$(thing)2倍矿物处理$()。同样的$(thing)2倍矿物处理$()能够在$(l:bloodmagic:alchemy_table/alchemy_table)炼金桌$()上完成,但在$(item)炼金术反应室$()可以为你节省一点$(blood)LP$()。"
    },
    {
      "type": "bloodmagic:2x_crafting_arc",
      "a.heading": "金属砾石到金属沙",
      "a.recipe": "bloodmagic:arc/dustsfrom_gravel_iron",
      "b.heading": "矿物到2金属沙",
      "b.recipe": "bloodmagic:arc/dustsfrom_ore_iron"
    },
    {
      "type": "patchouli:crafting",
      "heading": "燃料单元(溶炉)",
      "recipe": "bloodmagic:primitive_furnace_cell",
      "text": "$(item)炼金术反应室$()同时作为一个$(thing)溶炉$()，但它唯一接收的燃料来源是$(item)原始燃料单元$()或者$(l:bloodmagic:utility/lava_crystal)岩浆水晶$()。"
    },
    {
      "type": "patchouli:text",
      "text": "$(item)原始燃料单元$()能够使用在128种用途。这比起$(item)煤炭砖$()(60种)还要有用多了，而且由于它只会在制作完成时消耗，所以不会浪费任何燃料。"
    }
  ]
}
