{
	"parent": "block/block",
	"render_type": "cutout",
	"textures": {
		"1": "refinedstorage:block/constructor/constructor",
		"2": "refinedstorage:block/constructor/cutouts/connected",
		"cable": "refinedstorage:block/cable",
		"particle": "refinedstorage:block/constructor/constructor"
	},
	"elements": [
		{
			"name": "1",
			"from": [10.5, 5.5, 5.5],
			"to": [15, 10.5, 10.5],
			"rotation": {"angle": 0, "axis": "y", "origin": [8, 8, 8]},
			"faces": {
				"north": {"uv": [3.5, 8, 8, 13], "texture": "#cable"},
				"east": {"uv": [8, 8, 13, 13], "texture": "#cable"},
				"south": {"uv": [3.5, 8, 8, 13], "texture": "#cable"},
				"west": {"uv": [8, 8, 13, 13], "texture": "#cable"},
				"up": {"uv": [8, 3.5, 13, 8], "rotation": 90, "texture": "#cable"},
				"down": {"uv": [8, 3.5, 13, 8], "rotation": 270, "texture": "#cable"}
			}
		},
		{
			"name": "1PipeEnd",
			"from": [14, 4.5, 4.5],
			"to": [16, 11.5, 11.5],
			"rotation": {"angle": 0, "axis": "y", "origin": [8, 8, 8]},
			"faces": {
				"north": {"uv": [0, 0, 2, 7], "texture": "#cable"},
				"east": {"uv": [0, 0, 7, 7], "texture": "#cable"},
				"south": {"uv": [5, 0, 7, 7], "texture": "#cable"},
				"west": {"uv": [0, 0, 7, 7], "texture": "#cable"},
				"up": {"uv": [0, 0, 7, 2], "rotation": 90, "texture": "#cable"},
				"down": {"uv": [0, 5, 7, 7], "rotation": 270, "texture": "#cable"}
			}
		},
		{
			"name": "Core",
			"from": [5.5, 5.5, 5.5],
			"to": [10.5, 10.5, 10.5],
			"faces": {
				"north": {"uv": [8, 8, 13, 13], "texture": "#cable"},
				"east": {"uv": [8, 8, 13, 13], "texture": "#cable"},
				"south": {"uv": [8, 8, 13, 13], "texture": "#cable"},
				"west": {"uv": [8, 8, 13, 13], "texture": "#cable"},
				"up": {"uv": [8, 8, 13, 13], "texture": "#cable"},
				"down": {"uv": [8, 8, 13, 13], "texture": "#cable"}
			}
		},
		{
			"name": "2",
			"from": [1, 5.5, 5.5],
			"to": [5.5, 10.5, 10.5],
			"rotation": {"angle": 0, "axis": "y", "origin": [8, 8, 8]},
			"faces": {
				"north": {"uv": [3.5, 8, 8, 13], "texture": "#cable"},
				"east": {"uv": [8, 8, 13, 13], "texture": "#cable"},
				"south": {"uv": [3.5, 8, 8, 13], "texture": "#cable"},
				"west": {"uv": [8, 8, 13, 13], "texture": "#cable"},
				"up": {"uv": [8, 3.5, 13, 8], "rotation": 270, "texture": "#cable"},
				"down": {"uv": [8, 3.5, 13, 8], "rotation": 90, "texture": "#cable"}
			}
		},
		{
			"name": "2PipeEnd",
			"from": [0, 4.5, 4.5],
			"to": [2, 11.5, 11.5],
			"rotation": {"angle": 0, "axis": "y", "origin": [8, 8, 8]},
			"faces": {
				"north": {"uv": [5, 0, 7, 7], "texture": "#cable"},
				"east": {"uv": [0, 0, 7, 7], "texture": "#cable"},
				"south": {"uv": [0, 0, 2, 7], "texture": "#cable"},
				"west": {"uv": [0, 0, 7, 7], "texture": "#cable"},
				"up": {"uv": [0, 0, 7, 2], "rotation": 270, "texture": "#cable"},
				"down": {"uv": [0, 5, 7, 7], "rotation": 90, "texture": "#cable"}
			}
		},
		{
			"name": "Core",
			"from": [4, 4, 4],
			"to": [12, 12, 12],
			"faces": {
				"north": {"uv": [1, 7, 5, 11], "texture": "#1"},
				"east": {"uv": [1, 7, 5, 11], "texture": "#1"},
				"south": {"uv": [1, 7, 5, 11], "texture": "#1"},
				"west": {"uv": [1, 7, 5, 11], "texture": "#1"},
				"up": {"uv": [1, 7, 5, 11], "texture": "#1"},
				"down": {"uv": [1, 7, 5, 11], "texture": "#1"}
			}
		},
		{
			"from": [2, 2, 0],
			"to": [14, 14, 4],
			"faces": {
				"north": {"uv": [0, 0, 6, 6], "texture": "#1"},
				"east": {"uv": [8, 0, 6, 6], "texture": "#1"},
				"south": {"uv": [0, 6, 6, 12], "texture": "#1"},
				"west": {"uv": [6, 0, 8, 6], "texture": "#1"},
				"up": {"uv": [0, 12, 6, 14], "texture": "#1"},
				"down": {"uv": [0, 14, 6, 12], "texture": "#1"}
			}
		},
		{
			"name": "inside",
			"from": [3, 3, 1],
			"to": [13, 13, 0],
			"rotation": {"angle": 0, "axis": "y", "origin": [0, 0, 5]},
			"faces": {
				"north": {"uv": [0, 0, 16, 16], "texture": "#2"},
				"east": {"uv": [0, 0.5, 0.5, 5.5], "texture": "#1"},
				"west": {"uv": [5.5, 0.5, 6, 5.5], "texture": "#1"},
				"up": {"uv": [0.5, 0, 5.5, 0.5], "texture": "#1"},
				"down": {"uv": [0.5, 5.5, 5.5, 6], "texture": "#1"}
			}
		}
	],
	"display": {
		"thirdperson_righthand": {
			"rotation": [75, 45, 0],
			"translation": [0, 2.5, 0],
			"scale": [0.375, 0.375, 0.375]
		},
		"thirdperson_lefthand": {
			"rotation": [75, 45, 0],
			"translation": [0, 2.5, 0],
			"scale": [0.375, 0.375, 0.375]
		},
		"firstperson_righthand": {
			"rotation": [0, 45, 0],
			"scale": [0.4, 0.4, 0.4]
		},
		"firstperson_lefthand": {
			"rotation": [0, 225, 0],
			"scale": [0.4, 0.4, 0.4]
		},
		"ground": {
			"translation": [0, 3, 0],
			"scale": [0.25, 0.25, 0.25]
		},
		"gui": {
			"rotation": [30, 225, 0],
			"scale": [0.625, 0.625, 0.625]
		},
		"fixed": {
			"scale": [0.5, 0.5, 0.5]
		}
	}
}