{
	"credit": "Made with Blockbench",
	"parent": "minecraft:block/cube_bottom_top",
	"texture_size": [64, 64],
	"textures": {
		"3": "create_new_age:block/solar/solar_0",
		"4": "create_new_age:block/heater/heater_steel",
		"particle": "create:block/industrial_iron_block"
	},
	"elements": [
		{
			"from": [1.5, 12, 13.5],
			"to": [14.5, 16, 14.5],
			"rotation": {"angle": 0, "axis": "y", "origin": [7.5, 1, 7.5]},
			"faces": {
				"north": {"uv": [4, 0, 7.25, 1], "texture": "#4"},
				"east": {"uv": [3.75, 0, 4, 1], "texture": "#4"},
				"south": {"uv": [7.25, 0, 4, 1], "texture": "#4"},
				"west": {"uv": [7.25, 0, 7.5, 1], "texture": "#4"},
				"up": {"uv": [7.25, 0.25, 4, 0], "texture": "#4"}
			}
		},
		{
			"from": [1.5, 12, 7.5],
			"to": [14.5, 16, 8.5],
			"rotation": {"angle": 0, "axis": "y", "origin": [7.5, 1, 1.5]},
			"faces": {
				"north": {"uv": [4, 0, 7.25, 1], "texture": "#4"},
				"east": {"uv": [3.75, 0, 4, 1], "texture": "#4"},
				"south": {"uv": [7.25, 0, 4, 1], "texture": "#4"},
				"west": {"uv": [7.25, 0, 7.5, 1], "texture": "#4"},
				"up": {"uv": [7.25, 0.25, 4, 0], "texture": "#4"}
			}
		},
		{
			"from": [1.5, 12, 9.5],
			"to": [14.5, 16, 10.5],
			"rotation": {"angle": 0, "axis": "y", "origin": [7.5, 1, 3.5]},
			"faces": {
				"north": {"uv": [4, 0, 7.25, 1], "texture": "#4"},
				"east": {"uv": [3.75, 0, 4, 1], "texture": "#4"},
				"south": {"uv": [7.25, 0, 4, 1], "texture": "#4"},
				"west": {"uv": [7.25, 0, 7.5, 1], "texture": "#4"},
				"up": {"uv": [7.25, 0.25, 4, 0], "texture": "#4"}
			}
		},
		{
			"from": [1.5, 12, 11.5],
			"to": [14.5, 16, 12.5],
			"rotation": {"angle": 0, "axis": "y", "origin": [7.5, 1, 5.5]},
			"faces": {
				"north": {"uv": [4, 0, 7.25, 1], "texture": "#4"},
				"east": {"uv": [3.75, 0, 4, 1], "texture": "#4"},
				"south": {"uv": [7.25, 0, 4, 1], "texture": "#4"},
				"west": {"uv": [7.25, 0, 7.5, 1], "texture": "#4"},
				"up": {"uv": [7.25, 0.25, 4, 0], "texture": "#4"}
			}
		},
		{
			"from": [1.5, 12, 1.5],
			"to": [14.5, 16, 2.5],
			"rotation": {"angle": 0, "axis": "y", "origin": [7.5, 1, -4.5]},
			"faces": {
				"north": {"uv": [4, 0, 7.25, 1], "texture": "#4"},
				"east": {"uv": [3.75, 0, 4, 1], "texture": "#4"},
				"south": {"uv": [7.25, 0, 4, 1], "texture": "#4"},
				"west": {"uv": [7.25, 0, 7.5, 1], "texture": "#4"},
				"up": {"uv": [7.25, 0.25, 4, 0], "texture": "#4"}
			}
		},
		{
			"from": [1.5, 12, 3.5],
			"to": [14.5, 16, 4.5],
			"rotation": {"angle": 0, "axis": "y", "origin": [7.5, 1, -2.5]},
			"faces": {
				"north": {"uv": [4, 0, 7.25, 1], "texture": "#4"},
				"east": {"uv": [3.75, 0, 4, 1], "texture": "#4"},
				"south": {"uv": [7.25, 0, 4, 1], "texture": "#4"},
				"west": {"uv": [7.25, 0, 7.5, 1], "texture": "#4"},
				"up": {"uv": [7.25, 0.25, 4, 0], "texture": "#4"}
			}
		},
		{
			"from": [1.5, 12, 5.5],
			"to": [14.5, 16, 6.5],
			"rotation": {"angle": 0, "axis": "y", "origin": [7.5, 1, -0.5]},
			"faces": {
				"north": {"uv": [4, 0, 7.25, 1], "texture": "#4"},
				"east": {"uv": [3.75, 0, 4, 1], "texture": "#4"},
				"south": {"uv": [7.25, 0, 4, 1], "texture": "#4"},
				"west": {"uv": [7.25, 0, 7.5, 1], "texture": "#4"},
				"up": {"uv": [7.25, 0.25, 4, 0], "texture": "#4"}
			}
		},
		{
			"from": [0.5, 11, 0.5],
			"to": [15.5, 12, 15.5],
			"rotation": {"angle": 0, "axis": "y", "origin": [8, 1, 8]},
			"faces": {
				"north": {"uv": [0, 4, 3.75, 3.75], "texture": "#4"},
				"east": {"uv": [0, 4, 3.75, 3.75], "texture": "#4"},
				"south": {"uv": [0, 4, 3.75, 3.75], "texture": "#4"},
				"west": {"uv": [0, 4, 3.75, 3.75], "texture": "#4"},
				"up": {"uv": [3.75, 3.75, 0, 0], "texture": "#4"},
				"down": {"uv": [3.75, 4, 0, 7.75], "texture": "#4"}
			}
		},
		{
			"from": [1, 3, 1],
			"to": [15, 7, 15],
			"faces": {
				"north": {"uv": [2, 0.75, 5.5, 1.75], "texture": "#3"},
				"east": {"uv": [2, 0.75, 5.5, 1.75], "texture": "#3"},
				"south": {"uv": [2, 0.75, 5.5, 1.75], "texture": "#3"},
				"west": {"uv": [2, 0.75, 5.5, 1.75], "texture": "#3"},
				"up": {"uv": [4.5, 5.25, 1, 1.75], "texture": "#3"},
				"down": {"uv": [7.5, 1.75, 4.5, 4.75], "texture": "#3"}
			}
		},
		{
			"from": [5, 7, 5],
			"to": [11, 10, 11],
			"faces": {
				"north": {"uv": [2, 0, 3.5, 0.75], "texture": "#3"},
				"east": {"uv": [2, 0, 3.5, 0.75], "texture": "#3"},
				"south": {"uv": [2, 0, 3.5, 0.75], "texture": "#3"},
				"west": {"uv": [2, 0, 3.5, 0.75], "texture": "#3"}
			}
		},
		{
			"from": [2, 7, 6],
			"to": [5, 9, 10],
			"rotation": {"angle": 0, "axis": "y", "origin": [8, 7.5, 8]},
			"faces": {
				"north": {"uv": [0, 2.5, 0.75, 3], "texture": "#3"},
				"south": {"uv": [0.75, 2.5, 0, 3], "texture": "#3"},
				"up": {"uv": [0.75, 2.5, 0, 1.5], "texture": "#3"},
				"down": {"uv": [0.75, 1.5, 0, 2.5], "texture": "#3"}
			}
		},
		{
			"from": [11, 7, 6],
			"to": [14, 9, 10],
			"rotation": {"angle": 0, "axis": "y", "origin": [13, 8, 8]},
			"faces": {
				"north": {"uv": [0.75, 2.5, 0, 3], "texture": "#3"},
				"south": {"uv": [0, 2.5, 0.75, 3], "texture": "#3"},
				"up": {"uv": [0.75, 2.5, 0, 1.5], "rotation": 180, "texture": "#3"},
				"down": {"uv": [0.75, 1.5, 0, 2.5], "rotation": 180, "texture": "#3"}
			}
		},
		{
			"from": [6, 7, 2],
			"to": [10, 9, 5],
			"rotation": {"angle": 0, "axis": "y", "origin": [8, 8, 4]},
			"faces": {
				"east": {"uv": [0, 2.5, 0.75, 3], "texture": "#3"},
				"west": {"uv": [0.75, 2.5, 0, 3], "texture": "#3"},
				"up": {"uv": [0.75, 2.5, 0, 1.5], "rotation": 90, "texture": "#3"},
				"down": {"uv": [0.75, 1.5, 0, 2.5], "rotation": 270, "texture": "#3"}
			}
		},
		{
			"from": [5, 7, 1],
			"to": [11, 10, 2],
			"rotation": {"angle": 0, "axis": "y", "origin": [8, 9.5, 8]},
			"faces": {
				"east": {"uv": [10.75, 0, 11, 0.75], "texture": "#3"},
				"south": {"uv": [9.5, 0, 11, 0.75], "texture": "#3"},
				"west": {"uv": [9.5, 0, 9.75, 0.75], "texture": "#3"}
			}
		},
		{
			"from": [1, 7, 5],
			"to": [2, 10, 11],
			"rotation": {"angle": 0, "axis": "y", "origin": [8, 9.5, 8]},
			"faces": {
				"north": {"uv": [10.75, 0, 11, 0.75], "texture": "#3"},
				"east": {"uv": [9.5, 0, 11, 0.75], "texture": "#3"},
				"south": {"uv": [9.5, 0, 9.75, 0.75], "texture": "#3"}
			}
		},
		{
			"from": [5, 7, 14],
			"to": [11, 10, 15],
			"rotation": {"angle": 0, "axis": "y", "origin": [8, 9.5, 8]},
			"faces": {
				"north": {"uv": [9.5, 0, 11, 0.75], "texture": "#3"},
				"east": {"uv": [9.5, 0, 9.75, 0.75], "texture": "#3"},
				"west": {"uv": [10.75, 0, 11, 0.75], "texture": "#3"}
			}
		},
		{
			"from": [14, 7, 5],
			"to": [15, 10, 11],
			"rotation": {"angle": 0, "axis": "y", "origin": [8, 9.5, 8]},
			"faces": {
				"north": {"uv": [9.5, 0, 9.75, 0.75], "texture": "#3"},
				"south": {"uv": [10.75, 0, 11, 0.75], "texture": "#3"},
				"west": {"uv": [9.5, 0, 11, 0.75], "texture": "#3"}
			}
		},
		{
			"from": [6, 7, 11],
			"to": [10, 9, 14],
			"rotation": {"angle": 0, "axis": "y", "origin": [8, 8, 13]},
			"faces": {
				"east": {"uv": [0.75, 2.5, 0, 3], "texture": "#3"},
				"west": {"uv": [0, 2.5, 0.75, 3], "texture": "#3"},
				"up": {"uv": [0.75, 2.5, 0, 1.5], "rotation": 270, "texture": "#3"},
				"down": {"uv": [0.75, 1.5, 0, 2.5], "rotation": 90, "texture": "#3"}
			}
		},
		{
			"from": [15, 5, 4],
			"to": [16, 11, 12],
			"rotation": {"angle": 0, "axis": "y", "origin": [8, 8, 8]},
			"faces": {
				"north": {"uv": [0, 0, 0.25, 1.5], "texture": "#3"},
				"east": {"uv": [0, 0, 2, 1.5], "texture": "#3"},
				"south": {"uv": [1.75, 0, 2, 1.5], "texture": "#3"},
				"west": {"uv": [0, 0, 2, 1.5], "texture": "#3"},
				"up": {"uv": [0, 0.25, 2, 0], "rotation": 90, "texture": "#3"},
				"down": {"uv": [2, 1.5, 0, 1.25], "rotation": 90, "texture": "#3"}
			}
		},
		{
			"from": [0, 5, 4],
			"to": [1, 11, 12],
			"rotation": {"angle": 0, "axis": "z", "origin": [8, 8, 8]},
			"faces": {
				"north": {"uv": [0, 0, 0.25, 1.5], "texture": "#3"},
				"east": {"uv": [0, 0, 2, 1.5], "texture": "#3"},
				"south": {"uv": [1.75, 0, 2, 1.5], "texture": "#3"},
				"west": {"uv": [0, 0, 2, 1.5], "texture": "#3"},
				"up": {"uv": [0, 0.25, 2, 0], "rotation": 90, "texture": "#3"},
				"down": {"uv": [2, 1.5, 0, 1.25], "rotation": 90, "texture": "#3"}
			}
		},
		{
			"from": [4, 5, 15],
			"to": [12, 11, 16],
			"rotation": {"angle": 0, "axis": "y", "origin": [8, 8, 8]},
			"faces": {
				"north": {"uv": [0, 0, 2, 1.5], "texture": "#3"},
				"east": {"uv": [0, 0, 0.25, 1.5], "texture": "#3"},
				"south": {"uv": [0, 0, 2, 1.5], "texture": "#3"},
				"west": {"uv": [1.75, 0, 2, 1.5], "texture": "#3"},
				"up": {"uv": [0, 0.25, 2, 0], "texture": "#3"},
				"down": {"uv": [0, 1.25, 2, 1.5], "texture": "#3"}
			}
		},
		{
			"from": [4, 5, 0],
			"to": [12, 11, 1],
			"rotation": {"angle": 0, "axis": "y", "origin": [8, 8, 8]},
			"faces": {
				"north": {"uv": [0, 0, 2, 1.5], "texture": "#3"},
				"east": {"uv": [0, 0, 0.25, 1.5], "texture": "#3"},
				"south": {"uv": [0, 0, 2, 1.5], "texture": "#3"},
				"west": {"uv": [1.75, 0, 2, 1.5], "texture": "#3"},
				"up": {"uv": [2, 0.25, 0, 0], "texture": "#3"},
				"down": {"uv": [2, 1.25, 0, 1.5], "texture": "#3"}
			}
		},
		{
			"from": [1, 10, 1],
			"to": [15, 11, 15],
			"rotation": {"angle": 0, "axis": "y", "origin": [8, 1, 8]},
			"faces": {
				"north": {"uv": [2, 0.75, 5.5, 1], "texture": "#3"},
				"east": {"uv": [2, 0.75, 5.5, 1], "texture": "#3"},
				"south": {"uv": [2, 0.75, 5.5, 1], "texture": "#3"},
				"west": {"uv": [2, 0.75, 5.5, 1], "texture": "#3"},
				"up": {"uv": [4.5, 5.25, 1, 1.75], "texture": "#3"},
				"down": {"uv": [4.5, 1.75, 1, 5.25], "texture": "#3"}
			}
		},
		{
			"from": [2, 0, 2],
			"to": [14, 3, 14],
			"rotation": {"angle": 0, "axis": "y", "origin": [8, 1, 8]},
			"faces": {
				"north": {"uv": [3.5, 0, 6.5, 0.75], "texture": "#3"},
				"east": {"uv": [3.5, 0, 6.5, 0.75], "texture": "#3"},
				"south": {"uv": [3.5, 0, 6.5, 0.75], "texture": "#3"},
				"west": {"uv": [3.5, 0, 6.5, 0.75], "texture": "#3"},
				"up": {"uv": [7.5, 4.75, 4.5, 1.75], "texture": "#3"},
				"down": {"uv": [7.5, 1.75, 4.5, 4.75], "texture": "#3"}
			}
		},
		{
			"from": [2, 7, 13],
			"to": [3, 10, 14],
			"rotation": {"angle": 0, "axis": "y", "origin": [-1, 12.5, 10]},
			"faces": {
				"north": {"uv": [7.75, 2.75, 8, 3.5], "texture": "#3"},
				"east": {"uv": [7.75, 2.75, 8, 3.5], "texture": "#3"},
				"south": {"uv": [7.75, 2.75, 8, 3.5], "texture": "#3"},
				"west": {"uv": [7.75, 2.75, 8, 3.5], "texture": "#3"}
			}
		},
		{
			"from": [13, 7, 13],
			"to": [14, 10, 14],
			"rotation": {"angle": 0, "axis": "y", "origin": [-1, 12.5, 10]},
			"faces": {
				"north": {"uv": [7.75, 2.75, 8, 3.5], "texture": "#3"},
				"east": {"uv": [7.75, 2.75, 8, 3.5], "texture": "#3"},
				"south": {"uv": [7.75, 2.75, 8, 3.5], "texture": "#3"},
				"west": {"uv": [7.75, 2.75, 8, 3.5], "texture": "#3"}
			}
		},
		{
			"from": [2, 7, 2],
			"to": [3, 10, 3],
			"rotation": {"angle": 0, "axis": "y", "origin": [-1, 12.5, 10]},
			"faces": {
				"north": {"uv": [7.75, 2.75, 8, 3.5], "texture": "#3"},
				"east": {"uv": [7.75, 2.75, 8, 3.5], "texture": "#3"},
				"south": {"uv": [7.75, 2.75, 8, 3.5], "texture": "#3"},
				"west": {"uv": [7.75, 2.75, 8, 3.5], "texture": "#3"}
			}
		},
		{
			"from": [13, 7, 2],
			"to": [14, 10, 3],
			"rotation": {"angle": 0, "axis": "y", "origin": [-1, 12.5, 10]},
			"faces": {
				"north": {"uv": [7.75, 2.75, 8, 3.5], "texture": "#3"},
				"east": {"uv": [7.75, 2.75, 8, 3.5], "texture": "#3"},
				"south": {"uv": [7.75, 2.75, 8, 3.5], "texture": "#3"},
				"west": {"uv": [7.75, 2.75, 8, 3.5], "texture": "#3"}
			}
		}
	],
	"display": {
		"thirdperson_righthand": {
			"rotation": [75, 45, 0],
			"translation": [0, 2.5, 0],
			"scale": [0.375, 0.375, 0.375]
		},
		"thirdperson_lefthand": {
			"rotation": [75, 45, 0],
			"translation": [0, 2.5, 0],
			"scale": [0.375, 0.375, 0.375]
		},
		"firstperson_righthand": {
			"rotation": [0, 45, 0],
			"scale": [0.4, 0.4, 0.4]
		},
		"firstperson_lefthand": {
			"rotation": [0, 225, 0],
			"scale": [0.4, 0.4, 0.4]
		},
		"ground": {
			"translation": [0, 3, 0],
			"scale": [0.25, 0.25, 0.25]
		},
		"gui": {
			"rotation": [30, 225, 0],
			"scale": [0.625, 0.625, 0.625]
		},
		"fixed": {
			"scale": [0.5, 0.5, 0.5]
		}
	},
	"groups": [
		{
			"name": "topsink",
			"origin": [8, 1, 8],
			"color": 0,
			"children": [0, 1, 2, 3, 4, 5, 6, 7]
		},
		{
			"name": "base",
			"origin": [8, 8, 8],
			"color": 0,
			"children": [8, 9, 10, 11, 12, 13, 14, 15, 16, 17, 18, 19, 20, 21, 22, 23, 24, 25, 26, 27]
		}
	]
}