{
  "name": "束灵装备升级",
  "icon": "bloodmagic:upgradetome",
  "priority": true,
  "category": "bloodmagic:alchemy_array/living_equipment",
  "pages": [
    {
      "type": "patchouli:text",
      "text": "在穿着这套铠甲时，你已经感受得到它在成长，试图协助你完成它所看到的任何任物。 $(br2)它似乎能在某些领域发挥作用，但它的增长是有限的，而且试图做所有事情是相当没有意义的。"
    },
    {
      "type": "patchouli:text",
      "text": "也许有许多专用的套装是个好注意？ 当然，如果你想得到的不是半斤八量的能力，你就必续好好训练它。$(br2)幸运的是，你已经设计出了一种$(l:rituals/ritual_list/ritual_upgrade_remove)仪式$()协助进行训练，以及$(l:rituals/ritual_list/ritual_armour_evolve)另一个$()将会使你的铠甲具有更强大的成长能力。"
    }
  ]
}
