{
	"credit": "Made with Blockbench",
	"texture_size": [64, 64],
	"textures": {
		"2": "create_new_age:block/heat_pipe",
		"particle": "create_new_age:block/heat_pipe"
	},
	"elements": [
		{
			"from": [4, 4, 4],
			"to": [12, 12, 12],
			"faces": {
				"north": {"uv": [0, 2, 2, 4], "texture": "#2"},
				"east": {"uv": [0, 2, 2, 4], "texture": "#2"},
				"south": {"uv": [0, 2, 2, 4], "texture": "#2"},
				"west": {"uv": [0, 2, 2, 4], "texture": "#2"},
				"up": {"uv": [2, 2, 0, 0], "texture": "#2"},
				"down": {"uv": [2, 6, 0, 4], "texture": "#2"}
			}
		},
		{
			"from": [8.5, 6, 1],
			"to": [11.5, 10, 3],
			"rotation": {"angle": 0, "axis": "y", "origin": [8, 8, 2]},
			"faces": {
				"east": {"uv": [2, 3, 2.5, 4], "texture": "#2"},
				"west": {"uv": [2, 3, 2.5, 4], "texture": "#2"},
				"up": {"uv": [2.75, 3, 2, 2.5], "texture": "#2"},
				"down": {"uv": [2.75, 2.5, 2, 3], "texture": "#2"}
			}
		},
		{
			"from": [4.5, 6, 1],
			"to": [7.5, 10, 3],
			"rotation": {"angle": 0, "axis": "y", "origin": [8, 8, 2]},
			"faces": {
				"east": {"uv": [2, 3, 2.5, 4], "texture": "#2"},
				"west": {"uv": [2, 3, 2.5, 4], "texture": "#2"},
				"up": {"uv": [2.75, 3, 2, 2.5], "texture": "#2"},
				"down": {"uv": [2.75, 2.5, 2, 3], "texture": "#2"}
			}
		},
		{
			"from": [3.95, 7.5, 1],
			"to": [11.95, 8.5, 3],
			"rotation": {"angle": 0, "axis": "y", "origin": [8, 8, 2]},
			"faces": {
				"east": {"uv": [4, 0.5, 4.25, 0], "rotation": 90, "texture": "#2"},
				"west": {"uv": [5.75, 0, 6, 0.5], "rotation": 90, "texture": "#2"},
				"up": {"uv": [6, 0.5, 4, 0], "texture": "#2"},
				"down": {"uv": [6, 0, 4, 0.5], "texture": "#2"}
			}
		},
		{
			"from": [3.95, 5, 3],
			"to": [11.95, 11, 4],
			"rotation": {"angle": 0, "axis": "y", "origin": [8, 8, 2]},
			"faces": {
				"north": {"uv": [2, 7.5, 0, 9], "texture": "#2"},
				"east": {"uv": [0, 6, 0.25, 7.5], "texture": "#2"},
				"south": {"uv": [0, 6, 2, 7.5], "texture": "#2"},
				"west": {"uv": [1.75, 6, 2, 7.5], "texture": "#2"},
				"up": {"uv": [0, 6.25, 2, 6], "texture": "#2"},
				"down": {"uv": [0, 7.25, 2, 7.5], "texture": "#2"}
			}
		},
		{
			"from": [3.95, 5.5, 0],
			"to": [11.95, 10.5, 1],
			"rotation": {"angle": 0, "axis": "y", "origin": [8, 8, 2]},
			"faces": {
				"north": {"uv": [2, 0, 4, 1.25], "texture": "#2"},
				"east": {"uv": [2, 0, 2.25, 1.25], "texture": "#2"},
				"south": {"uv": [4, 1.25, 2, 2.5], "texture": "#2"},
				"west": {"uv": [3.75, 0, 4, 1.25], "texture": "#2"},
				"up": {"uv": [4, 0.25, 2, 0], "texture": "#2"},
				"down": {"uv": [4, 1, 2, 1.25], "texture": "#2"}
			}
		},
		{
			"from": [4.5, 6, 13],
			"to": [7.5, 10, 15],
			"rotation": {"angle": 0, "axis": "y", "origin": [8, 8, 8]},
			"faces": {
				"east": {"uv": [2, 3, 2.5, 4], "texture": "#2"},
				"west": {"uv": [2, 3, 2.5, 4], "texture": "#2"},
				"up": {"uv": [2.75, 3, 2, 2.5], "rotation": 180, "texture": "#2"},
				"down": {"uv": [2.75, 2.5, 2, 3], "rotation": 180, "texture": "#2"}
			}
		},
		{
			"from": [8.5, 6, 13],
			"to": [11.5, 10, 15],
			"rotation": {"angle": 0, "axis": "y", "origin": [8, 8, 8]},
			"faces": {
				"east": {"uv": [2, 3, 2.5, 4], "texture": "#2"},
				"west": {"uv": [2, 3, 2.5, 4], "texture": "#2"},
				"up": {"uv": [2.75, 3, 2, 2.5], "rotation": 180, "texture": "#2"},
				"down": {"uv": [2.75, 2.5, 2, 3], "rotation": 180, "texture": "#2"}
			}
		},
		{
			"from": [4.05, 7.5, 13],
			"to": [12.05, 8.5, 15],
			"rotation": {"angle": 0, "axis": "y", "origin": [8, 8, 8]},
			"faces": {
				"east": {"uv": [5.75, 0, 6, 0.5], "rotation": 90, "texture": "#2"},
				"west": {"uv": [4, 0.5, 4.25, 0], "rotation": 90, "texture": "#2"},
				"up": {"uv": [6, 0.5, 4, 0], "rotation": 180, "texture": "#2"},
				"down": {"uv": [6, 0, 4, 0.5], "rotation": 180, "texture": "#2"}
			}
		},
		{
			"from": [4.05, 5, 12],
			"to": [12.05, 11, 13],
			"rotation": {"angle": 0, "axis": "y", "origin": [8, 8, 8]},
			"faces": {
				"north": {"uv": [0, 6, 2, 7.5], "texture": "#2"},
				"east": {"uv": [1.75, 6, 2, 7.5], "texture": "#2"},
				"south": {"uv": [2, 7.5, 0, 9], "texture": "#2"},
				"west": {"uv": [0, 6, 0.25, 7.5], "texture": "#2"},
				"up": {"uv": [0, 6.25, 2, 6], "rotation": 180, "texture": "#2"},
				"down": {"uv": [0, 7.25, 2, 7.5], "rotation": 180, "texture": "#2"}
			}
		},
		{
			"from": [4.05, 5.5, 15],
			"to": [12.05, 10.5, 16],
			"rotation": {"angle": 0, "axis": "y", "origin": [8, 8, 8]},
			"faces": {
				"north": {"uv": [4, 1.25, 2, 2.5], "texture": "#2"},
				"east": {"uv": [3.75, 0, 4, 1.25], "texture": "#2"},
				"south": {"uv": [2, 0, 4, 1.25], "texture": "#2"},
				"west": {"uv": [2, 0, 2.25, 1.25], "texture": "#2"},
				"up": {"uv": [4, 0.25, 2, 0], "rotation": 180, "texture": "#2"},
				"down": {"uv": [4, 1, 2, 1.25], "rotation": 180, "texture": "#2"}
			}
		}
	],
	"display": {
		"thirdperson_righthand": {
			"rotation": [75, 45, 0],
			"translation": [0, 2.5, 0],
			"scale": [0.375, 0.375, 0.375]
		},
		"thirdperson_lefthand": {
			"rotation": [75, 45, 0],
			"translation": [0, 2.5, 0],
			"scale": [0.375, 0.375, 0.375]
		},
		"firstperson_righthand": {
			"rotation": [0, 45, 0],
			"scale": [0.4, 0.4, 0.4]
		},
		"firstperson_lefthand": {
			"rotation": [0, 225, 0],
			"scale": [0.4, 0.4, 0.4]
		},
		"ground": {
			"translation": [0, 3, 0],
			"scale": [0.25, 0.25, 0.25]
		},
		"gui": {
			"rotation": [30, 225, 0],
			"scale": [0.625, 0.625, 0.625]
		},
		"head": {
			"translation": [0, 4.75, 0],
			"scale": [2.1, 1, 1]
		},
		"fixed": {
			"scale": [0.5, 0.5, 0.5]
		}
	},
	"groups": [
		{
			"name": "center",
			"origin": [8, 8, 8],
			"color": 0,
			"children": [0, 1, 2, 3, 4, 5, 6, 7, 8, 9, 10]
		}
	]
}