{
	"credit": "Made with Blockbench",
	"texture_size": [64, 64],
	"textures": {
		"0": "create_new_age:block/stirling_engine",
		"1": "create:block/axis",
		"2": "create:block/axis_top",
		"particle": "create_new_age:block/stirling_engine"
	},
	"elements": [
		{
			"name": "Axis",
			"from": [6, 6, 0],
			"to": [10, 10, 16],
			"rotation": {"angle": 0, "axis": "x", "origin": [8, 8, 8]},
			"faces": {
				"north": {"uv": [6, 6, 10, 10], "rotation": 180, "texture": "#2"},
				"east": {"uv": [6, 0, 10, 16], "rotation": 90, "texture": "#1"},
				"south": {"uv": [6, 6, 10, 10], "texture": "#2"},
				"west": {"uv": [6, 0, 10, 16], "rotation": 270, "texture": "#1"},
				"up": {"uv": [6, 0, 10, 16], "texture": "#1"},
				"down": {"uv": [6, 0, 10, 16], "rotation": 180, "texture": "#1"}
			}
		},
		{
			"from": [2, -0.25, 0.25],
			"to": [14, 2.75, 16.25],
			"rotation": {"angle": 0, "axis": "x", "origin": [11, 8, 8.25]},
			"faces": {
				"north": {"uv": [0, 0.75, 3, 1.5], "texture": "#0"},
				"east": {"uv": [0, 0, 4, 0.75], "texture": "#0"},
				"south": {"uv": [0, 0.75, 3, 1.5], "texture": "#0"},
				"west": {"uv": [0, 0, 4, 0.75], "texture": "#0"},
				"up": {"uv": [3, 5.5, 0, 1.5], "texture": "#0"},
				"down": {"uv": [3, 1.5, 0, 5.5], "texture": "#0"}
			}
		},
		{
			"from": [3, 2.75, 1.25],
			"to": [13, 11.75, 15.25],
			"rotation": {"angle": 0, "axis": "x", "origin": [11, 8, 8.25]},
			"faces": {
				"north": {"uv": [0, 5.5, 2.5, 7.75], "texture": "#0"},
				"east": {"uv": [2.5, 5.5, 6, 7.75], "rotation": 180, "texture": "#0"},
				"south": {"uv": [0, 7.75, 2.5, 5.5], "rotation": 180, "texture": "#0"},
				"west": {"uv": [2.5, 5.5, 6, 7.75], "texture": "#0"},
				"up": {"uv": [6.5, 5.5, 3, 3], "rotation": 90, "texture": "#0"}
			}
		},
		{
			"from": [5, 11.75, 2.25],
			"to": [11, 13.75, 14.25],
			"rotation": {"angle": 0, "axis": "x", "origin": [11, 8, 8.25]},
			"faces": {
				"north": {"uv": [4.5, 2.5, 3, 2], "rotation": 180, "texture": "#0"},
				"east": {"uv": [3, 2.5, 6, 3], "texture": "#0"},
				"south": {"uv": [3, 2, 4.5, 2.5], "texture": "#0"},
				"west": {"uv": [6, 3, 3, 2.5], "rotation": 180, "texture": "#0"},
				"up": {"uv": [3, 9.25, 0, 7.75], "rotation": 90, "texture": "#0"}
			}
		},
		{
			"from": [6, 13.75, 3.25],
			"to": [10, 15.75, 7.25],
			"rotation": {"angle": 0, "axis": "x", "origin": [11, 8, 8.25]},
			"faces": {
				"north": {"uv": [4, 9.25, 3, 8.75], "rotation": 180, "texture": "#0"},
				"east": {"uv": [3, 8.75, 4, 9.25], "texture": "#0"},
				"south": {"uv": [4, 8.75, 3, 9.25], "texture": "#0"},
				"west": {"uv": [3, 9.25, 4, 8.75], "rotation": 180, "texture": "#0"},
				"up": {"uv": [4, 8.75, 3, 7.75], "texture": "#0"}
			}
		},
		{
			"from": [6, 13.75, 9.25],
			"to": [10, 15.75, 13.25],
			"rotation": {"angle": 0, "axis": "x", "origin": [11, 8, 8.25]},
			"faces": {
				"north": {"uv": [4, 9.25, 3, 8.75], "rotation": 180, "texture": "#0"},
				"east": {"uv": [3, 8.75, 4, 9.25], "texture": "#0"},
				"south": {"uv": [4, 8.75, 3, 9.25], "texture": "#0"},
				"west": {"uv": [3, 9.25, 4, 8.75], "rotation": 180, "texture": "#0"},
				"up": {"uv": [4, 8.75, 3, 7.75], "texture": "#0"}
			}
		},
		{
			"from": [13, 9.25, 9.25],
			"to": [15, 9.25, 13.25],
			"rotation": {"angle": 0, "axis": "x", "origin": [11, 8, 8.25]},
			"faces": {
				"up": {"uv": [4, 7.75, 5, 8.25], "rotation": 90, "texture": "#0"},
				"down": {"uv": [4, 7.75, 5, 8.25], "rotation": 270, "texture": "#0"}
			}
		},
		{
			"from": [13, 5.25, 9.25],
			"to": [15, 5.25, 13.25],
			"rotation": {"angle": 0, "axis": "x", "origin": [11, 8, 8.25]},
			"faces": {
				"up": {"uv": [4, 7.75, 5, 8.25], "rotation": 90, "texture": "#0"},
				"down": {"uv": [4, 7.75, 5, 8.25], "rotation": 270, "texture": "#0"}
			}
		},
		{
			"from": [12.5, 3.25, 9.75],
			"to": [13.5, 4.25, 10.75],
			"rotation": {"angle": 0, "axis": "x", "origin": [11, 8, 8.25]},
			"faces": {
				"north": {"uv": [3, 1.25, 3.25, 1.5], "texture": "#0"},
				"east": {"uv": [3, 1.25, 3.25, 1.5], "rotation": 270, "texture": "#0"},
				"south": {"uv": [3, 1.25, 3.25, 1.5], "rotation": 180, "texture": "#0"},
				"west": {"uv": [3, 1.25, 3.25, 1.5], "rotation": 90, "texture": "#0"},
				"up": {"uv": [3, 1.25, 3.25, 1.5], "rotation": 180, "texture": "#0"},
				"down": {"uv": [3, 1.25, 3.25, 1.5], "texture": "#0"}
			}
		},
		{
			"from": [13.5, 3.25, 9.75],
			"to": [14.5, 11.25, 10.75],
			"rotation": {"angle": 0, "axis": "x", "origin": [11, 8, 8.25]},
			"faces": {
				"north": {"uv": [3, 1.5, 5, 1.75], "rotation": 270, "texture": "#0"},
				"east": {"uv": [3, 1.5, 5, 1.75], "rotation": 90, "texture": "#0"},
				"south": {"uv": [5, 1.5, 3, 1.75], "rotation": 90, "texture": "#0"},
				"west": {"uv": [3, 1.5, 5, 1.75], "rotation": 270, "texture": "#0"},
				"up": {"uv": [3, 1.25, 3.25, 1.5], "texture": "#0"},
				"down": {"uv": [3, 1.25, 3.25, 1.5], "rotation": 180, "texture": "#0"}
			}
		},
		{
			"from": [12.5, 10.25, 9.75],
			"to": [13.5, 11.25, 10.75],
			"rotation": {"angle": 0, "axis": "x", "origin": [11, 8, 8.25]},
			"faces": {
				"north": {"uv": [3, 1.25, 3.25, 1.5], "texture": "#0"},
				"east": {"uv": [3, 1.25, 3.25, 1.5], "rotation": 270, "texture": "#0"},
				"south": {"uv": [3, 1.25, 3.25, 1.5], "rotation": 180, "texture": "#0"},
				"west": {"uv": [3, 1.25, 3.25, 1.5], "rotation": 90, "texture": "#0"},
				"up": {"uv": [3, 1.25, 3.25, 1.5], "rotation": 180, "texture": "#0"},
				"down": {"uv": [3, 1.25, 3.25, 1.5], "texture": "#0"}
			}
		},
		{
			"from": [12.5, 3.25, 11.75],
			"to": [13.5, 4.25, 12.75],
			"rotation": {"angle": 0, "axis": "x", "origin": [11, 8, 8.25]},
			"faces": {
				"north": {"uv": [3, 1.25, 3.25, 1.5], "texture": "#0"},
				"east": {"uv": [3, 1.25, 3.25, 1.5], "rotation": 270, "texture": "#0"},
				"south": {"uv": [3, 1.25, 3.25, 1.5], "rotation": 180, "texture": "#0"},
				"west": {"uv": [3, 1.25, 3.25, 1.5], "rotation": 90, "texture": "#0"},
				"up": {"uv": [3, 1.25, 3.25, 1.5], "rotation": 180, "texture": "#0"},
				"down": {"uv": [3, 1.25, 3.25, 1.5], "texture": "#0"}
			}
		},
		{
			"from": [13.5, 3.25, 11.75],
			"to": [14.5, 11.25, 12.75],
			"rotation": {"angle": 0, "axis": "x", "origin": [11, 8, 8.25]},
			"faces": {
				"north": {"uv": [3, 1.5, 5, 1.75], "rotation": 270, "texture": "#0"},
				"east": {"uv": [3, 1.5, 5, 1.75], "rotation": 90, "texture": "#0"},
				"south": {"uv": [5, 1.5, 3, 1.75], "rotation": 90, "texture": "#0"},
				"west": {"uv": [3, 1.5, 5, 1.75], "rotation": 270, "texture": "#0"},
				"up": {"uv": [3, 1.25, 3.25, 1.5], "texture": "#0"},
				"down": {"uv": [3, 1.25, 3.25, 1.5], "rotation": 180, "texture": "#0"}
			}
		},
		{
			"from": [12.5, 10.25, 11.75],
			"to": [13.5, 11.25, 12.75],
			"rotation": {"angle": 0, "axis": "x", "origin": [11, 8, 8.25]},
			"faces": {
				"north": {"uv": [3, 1.25, 3.25, 1.5], "texture": "#0"},
				"east": {"uv": [3, 1.25, 3.25, 1.5], "rotation": 270, "texture": "#0"},
				"south": {"uv": [3, 1.25, 3.25, 1.5], "rotation": 180, "texture": "#0"},
				"west": {"uv": [3, 1.25, 3.25, 1.5], "rotation": 90, "texture": "#0"},
				"up": {"uv": [3, 1.25, 3.25, 1.5], "rotation": 180, "texture": "#0"},
				"down": {"uv": [3, 1.25, 3.25, 1.5], "texture": "#0"}
			}
		},
		{
			"from": [13, 9.25, 3.25],
			"to": [15, 9.25, 7.25],
			"rotation": {"angle": 0, "axis": "x", "origin": [11, 8, 8.25]},
			"faces": {
				"up": {"uv": [4, 7.75, 5, 8.25], "rotation": 90, "texture": "#0"},
				"down": {"uv": [4, 7.75, 5, 8.25], "rotation": 270, "texture": "#0"}
			}
		},
		{
			"from": [13, 5.25, 3.25],
			"to": [15, 5.25, 7.25],
			"rotation": {"angle": 0, "axis": "x", "origin": [11, 8, 8.25]},
			"faces": {
				"up": {"uv": [4, 7.75, 5, 8.25], "rotation": 90, "texture": "#0"},
				"down": {"uv": [4, 7.75, 5, 8.25], "rotation": 270, "texture": "#0"}
			}
		},
		{
			"from": [12.5, 3.25, 3.75],
			"to": [13.5, 4.25, 4.75],
			"rotation": {"angle": 0, "axis": "x", "origin": [11, 8, 8.25]},
			"faces": {
				"north": {"uv": [3, 1.25, 3.25, 1.5], "texture": "#0"},
				"east": {"uv": [3, 1.25, 3.25, 1.5], "rotation": 270, "texture": "#0"},
				"south": {"uv": [3, 1.25, 3.25, 1.5], "rotation": 180, "texture": "#0"},
				"west": {"uv": [3, 1.25, 3.25, 1.5], "rotation": 90, "texture": "#0"},
				"up": {"uv": [3, 1.25, 3.25, 1.5], "rotation": 180, "texture": "#0"},
				"down": {"uv": [3, 1.25, 3.25, 1.5], "texture": "#0"}
			}
		},
		{
			"from": [13.5, 3.25, 3.75],
			"to": [14.5, 11.25, 4.75],
			"rotation": {"angle": 0, "axis": "x", "origin": [11, 8, 8.25]},
			"faces": {
				"north": {"uv": [3, 1.5, 5, 1.75], "rotation": 270, "texture": "#0"},
				"east": {"uv": [3, 1.5, 5, 1.75], "rotation": 90, "texture": "#0"},
				"south": {"uv": [5, 1.5, 3, 1.75], "rotation": 90, "texture": "#0"},
				"west": {"uv": [3, 1.5, 5, 1.75], "rotation": 270, "texture": "#0"},
				"up": {"uv": [3, 1.25, 3.25, 1.5], "texture": "#0"},
				"down": {"uv": [3, 1.25, 3.25, 1.5], "rotation": 180, "texture": "#0"}
			}
		},
		{
			"from": [12.5, 10.25, 3.75],
			"to": [13.5, 11.25, 4.75],
			"rotation": {"angle": 0, "axis": "x", "origin": [11, 8, 8.25]},
			"faces": {
				"north": {"uv": [3, 1.25, 3.25, 1.5], "texture": "#0"},
				"east": {"uv": [3, 1.25, 3.25, 1.5], "rotation": 270, "texture": "#0"},
				"south": {"uv": [3, 1.25, 3.25, 1.5], "rotation": 180, "texture": "#0"},
				"west": {"uv": [3, 1.25, 3.25, 1.5], "rotation": 90, "texture": "#0"},
				"up": {"uv": [3, 1.25, 3.25, 1.5], "rotation": 180, "texture": "#0"},
				"down": {"uv": [3, 1.25, 3.25, 1.5], "texture": "#0"}
			}
		},
		{
			"from": [12.5, 3.25, 5.75],
			"to": [13.5, 4.25, 6.75],
			"rotation": {"angle": 0, "axis": "x", "origin": [11, 8, 8.25]},
			"faces": {
				"north": {"uv": [3, 1.25, 3.25, 1.5], "texture": "#0"},
				"east": {"uv": [3, 1.25, 3.25, 1.5], "rotation": 270, "texture": "#0"},
				"south": {"uv": [3, 1.25, 3.25, 1.5], "rotation": 180, "texture": "#0"},
				"west": {"uv": [3, 1.25, 3.25, 1.5], "rotation": 90, "texture": "#0"},
				"up": {"uv": [3, 1.25, 3.25, 1.5], "rotation": 180, "texture": "#0"},
				"down": {"uv": [3, 1.25, 3.25, 1.5], "texture": "#0"}
			}
		},
		{
			"from": [13.5, 3.25, 5.75],
			"to": [14.5, 11.25, 6.75],
			"rotation": {"angle": 0, "axis": "x", "origin": [11, 8, 8.25]},
			"faces": {
				"north": {"uv": [3, 1.5, 5, 1.75], "rotation": 270, "texture": "#0"},
				"east": {"uv": [3, 1.5, 5, 1.75], "rotation": 90, "texture": "#0"},
				"south": {"uv": [5, 1.5, 3, 1.75], "rotation": 90, "texture": "#0"},
				"west": {"uv": [3, 1.5, 5, 1.75], "rotation": 270, "texture": "#0"},
				"up": {"uv": [3, 1.25, 3.25, 1.5], "texture": "#0"},
				"down": {"uv": [3, 1.25, 3.25, 1.5], "rotation": 180, "texture": "#0"}
			}
		},
		{
			"from": [12.5, 10.25, 5.75],
			"to": [13.5, 11.25, 6.75],
			"rotation": {"angle": 0, "axis": "x", "origin": [11, 8, 8.25]},
			"faces": {
				"north": {"uv": [3, 1.25, 3.25, 1.5], "texture": "#0"},
				"east": {"uv": [3, 1.25, 3.25, 1.5], "rotation": 270, "texture": "#0"},
				"south": {"uv": [3, 1.25, 3.25, 1.5], "rotation": 180, "texture": "#0"},
				"west": {"uv": [3, 1.25, 3.25, 1.5], "rotation": 90, "texture": "#0"},
				"up": {"uv": [3, 1.25, 3.25, 1.5], "rotation": 180, "texture": "#0"},
				"down": {"uv": [3, 1.25, 3.25, 1.5], "texture": "#0"}
			}
		}
	],
	"display": {
		"thirdperson_righthand": {
			"rotation": [75, 45, 0],
			"translation": [0, 2.5, 0],
			"scale": [0.375, 0.375, 0.375]
		},
		"thirdperson_lefthand": {
			"rotation": [75, 45, 0],
			"translation": [0, 2.5, 0],
			"scale": [0.375, 0.375, 0.375]
		},
		"firstperson_righthand": {
			"rotation": [0, 45, 0],
			"scale": [0.4, 0.4, 0.4]
		},
		"firstperson_lefthand": {
			"rotation": [0, 225, 0],
			"scale": [0.4, 0.4, 0.4]
		},
		"ground": {
			"translation": [0, 3, 0],
			"scale": [0.25, 0.25, 0.25]
		},
		"gui": {
			"rotation": [30, 225, 0],
			"scale": [0.625, 0.625, 0.625]
		},
		"head": {
			"rotation": [0, -90, 0],
			"translation": [0, 11.85, -0.25],
			"scale": [0.8, 0.8, 0.8]
		},
		"fixed": {
			"scale": [0.5, 0.5, 0.5]
		}
	}
}