{
	"credit": "Made with Blockbench",
	"parent": "block/block",
	"texture_size": [64, 64],
	"textures": {
		"particle": "create:block/brass_casing",
		"1_11": "create_new_age:block/diamond_motor"
	},
	"elements": [
		{
			"from": [2, 12, -0.025],
			"to": [4, 14, 14.975],
			"rotation": {"angle": 0, "axis": "y", "origin": [8, 7.25, 7.05]},
			"faces": {
				"north": {"uv": [0, 5.25, 0.5, 4.75], "rotation": 90, "texture": "#1_11"},
				"east": {"uv": [0, 5.25, 0.5, 1.5], "rotation": 90, "texture": "#1_11"},
				"south": {"uv": [0, 2, 0.5, 1.5], "rotation": 90, "texture": "#1_11"},
				"west": {"uv": [0, 5.25, 0.5, 1.5], "rotation": 90, "texture": "#1_11"},
				"up": {"uv": [0.5, 1.5, 0, 5.25], "rotation": 180, "texture": "#1_11"},
				"down": {"uv": [1, 1.5, 0.5, 5.25], "texture": "#1_11"}
			}
		},
		{
			"name": "Back",
			"from": [3, 3, 0],
			"to": [13, 13, 2],
			"rotation": {"angle": 0, "axis": "y", "origin": [8, 7.25, 7.15]},
			"faces": {
				"north": {"uv": [3.5, 3.75, 1, 6.25], "texture": "#1_11"},
				"east": {"uv": [3.5, 3.75, 3, 6.25], "rotation": 180, "texture": "#1_11"},
				"south": {"uv": [3.5, 3.75, 1, 6.25], "texture": "#1_11"},
				"west": {"uv": [1.5, 3.75, 1, 6.25], "rotation": 180, "texture": "#1_11"},
				"up": {"uv": [1, 4.25, 3.5, 3.75], "rotation": 180, "texture": "#1_11"},
				"down": {"uv": [1, 6.25, 3.5, 5.75], "rotation": 180, "texture": "#1_11"}
			}
		},
		{
			"name": "Body",
			"from": [3, 3, 2],
			"to": [13, 13, 8],
			"rotation": {"angle": 0, "axis": "y", "origin": [8, 6.25, 6.1]},
			"faces": {
				"north": {"uv": [1.5, 6.25, 4, 8.75], "texture": "#1_11"},
				"east": {"uv": [1.5, 6.25, 0, 8.75], "texture": "#1_11"},
				"south": {"uv": [1.5, 8.75, 4, 6.25], "rotation": 180, "texture": "#1_11"},
				"west": {"uv": [0, 6.25, 1.5, 8.75], "texture": "#1_11"},
				"up": {"uv": [4, 6.25, 5.5, 8.75], "rotation": 90, "texture": "#1_11"},
				"down": {"uv": [5.5, 6.25, 4, 8.75], "rotation": 90, "texture": "#1_11"}
			}
		},
		{
			"name": "Body",
			"from": [4, 4, 8],
			"to": [12, 12, 12],
			"rotation": {"angle": 0, "axis": "y", "origin": [8, 6.25, 12.1]},
			"faces": {
				"north": {"uv": [5, 2.25, 7, 4.25], "texture": "#1_11"},
				"east": {"uv": [5, 6.5, 4, 8.5], "texture": "#1_11"},
				"south": {"uv": [5, 2.25, 7, 4.25], "rotation": 180, "texture": "#1_11"},
				"west": {"uv": [4, 6.5, 5, 8.5], "texture": "#1_11"},
				"up": {"uv": [0, 6.5, 1, 8.5], "rotation": 90, "texture": "#1_11"},
				"down": {"uv": [1, 6.5, 0, 8.5], "rotation": 90, "texture": "#1_11"}
			}
		},
		{
			"name": "Body",
			"from": [3, 3, 12],
			"to": [13, 13, 14],
			"rotation": {"angle": 0, "axis": "y", "origin": [8, 6.25, 14.025]},
			"faces": {
				"north": {"uv": [1, 3.75, 3.5, 6.25], "texture": "#1_11"},
				"east": {"uv": [3.5, 3.75, 3, 6.25], "texture": "#1_11"},
				"south": {"uv": [1, 3.75, 3.5, 6.25], "rotation": 180, "texture": "#1_11"},
				"west": {"uv": [1.5, 3.75, 1, 6.25], "texture": "#1_11"},
				"up": {"uv": [1, 4.25, 3.5, 3.75], "texture": "#1_11"},
				"down": {"uv": [1, 5.75, 3.5, 6.25], "rotation": 180, "texture": "#1_11"}
			}
		},
		{
			"name": "Body",
			"from": [5, 5, 14],
			"to": [11, 11, 16],
			"rotation": {"angle": 0, "axis": "y", "origin": [8, 6.25, 16.025]},
			"faces": {
				"north": {"uv": [1.5, 4.25, 3, 5.75], "texture": "#1_11"},
				"east": {"uv": [5, 5.75, 3.5, 6.25], "rotation": 90, "texture": "#1_11"},
				"south": {"uv": [1.5, 4.25, 3, 5.75], "texture": "#1_11"},
				"west": {"uv": [3.5, 6.25, 5, 5.75], "rotation": 90, "texture": "#1_11"},
				"up": {"uv": [5, 5.75, 3.5, 6.25], "texture": "#1_11"},
				"down": {"uv": [3.5, 6.25, 5, 5.75], "texture": "#1_11"}
			}
		},
		{
			"from": [12, 12, -0.025],
			"to": [14, 14, 14.975],
			"rotation": {"angle": 0, "axis": "y", "origin": [8, 7.25, 7.05]},
			"faces": {
				"north": {"uv": [0.5, 5.25, 1, 4.75], "rotation": 270, "texture": "#1_11"},
				"east": {"uv": [0, 5.25, 0.5, 1.5], "rotation": 90, "texture": "#1_11"},
				"south": {"uv": [0.5, 2, 1, 1.5], "rotation": 270, "texture": "#1_11"},
				"west": {"uv": [0, 5.25, 0.5, 1.5], "rotation": 90, "texture": "#1_11"},
				"up": {"uv": [0.5, 1.5, 0, 5.25], "texture": "#1_11"},
				"down": {"uv": [1, 1.5, 0.5, 5.25], "rotation": 180, "texture": "#1_11"}
			}
		},
		{
			"from": [12, 2, -0.025],
			"to": [14, 4, 14.975],
			"rotation": {"angle": 0, "axis": "y", "origin": [8, 7.25, 7.05]},
			"faces": {
				"north": {"uv": [1, 4.75, 0.5, 5.25], "texture": "#1_11"},
				"east": {"uv": [0.5, 5.25, 1, 1.5], "rotation": 90, "texture": "#1_11"},
				"south": {"uv": [1, 1.5, 0.5, 2], "rotation": 180, "texture": "#1_11"},
				"west": {"uv": [0.5, 5.25, 1, 1.5], "rotation": 90, "texture": "#1_11"},
				"up": {"uv": [0.5, 1.5, 0, 5.25], "texture": "#1_11"},
				"down": {"uv": [1, 1.5, 0.5, 5.25], "rotation": 180, "texture": "#1_11"}
			}
		},
		{
			"from": [2, 2, -0.025],
			"to": [4, 4, 14.975],
			"rotation": {"angle": 0, "axis": "y", "origin": [8, 7.25, 7.05]},
			"faces": {
				"north": {"uv": [0.5, 5.25, 1, 4.75], "rotation": 90, "texture": "#1_11"},
				"east": {"uv": [0.5, 5.25, 1, 1.5], "rotation": 90, "texture": "#1_11"},
				"south": {"uv": [0.5, 2, 1, 1.5], "rotation": 90, "texture": "#1_11"},
				"west": {"uv": [0.5, 5.25, 1, 1.5], "rotation": 90, "texture": "#1_11"},
				"up": {"uv": [0.5, 1.5, 0, 5.25], "rotation": 180, "texture": "#1_11"},
				"down": {"uv": [1, 1.5, 0.5, 5.25], "texture": "#1_11"}
			}
		}
	],
	"display": {
		"gui": {
			"rotation": [30, 45, 0],
			"scale": [0.625, 0.625, 0.625]
		}
	},
	"groups": [
		{
			"name": "group",
			"origin": [8, 8, 8],
			"color": 0,
			"children": [0, 1, 2, 3, 4, 5, 6, 7, 8]
		}
	]
}