{
	"credit": "Made with Blockbench",
	"parent": "minecraft:block/cube_bottom_top",
	"texture_size": [64, 64],
	"textures": {
		"3": "create_new_age:block/solar/solar_0",
		"particle": "create:block/industrial_iron_block"
	},
	"elements": [
		{
			"from": [4, 5, 15],
			"to": [12, 11, 16],
			"rotation": {"angle": 0, "axis": "y", "origin": [8, 8, 8]},
			"faces": {
				"north": {"uv": [0, 0, 2, 1.5], "texture": "#3"},
				"east": {"uv": [0, 0, 0.25, 1.5], "texture": "#3"},
				"south": {"uv": [0, 0, 2, 1.5], "texture": "#3"},
				"west": {"uv": [1.75, 0, 2, 1.5], "texture": "#3"},
				"up": {"uv": [0, 0.25, 2, 0], "texture": "#3"},
				"down": {"uv": [0, 1.25, 2, 1.5], "texture": "#3"}
			}
		},
		{
			"from": [0, 5, 4],
			"to": [1, 11, 12],
			"rotation": {"angle": 0, "axis": "y", "origin": [8, 8, 8]},
			"faces": {
				"north": {"uv": [0, 0, 0.25, 1.5], "texture": "#3"},
				"east": {"uv": [0, 0, 2, 1.5], "texture": "#3"},
				"south": {"uv": [1.75, 0, 2, 1.5], "texture": "#3"},
				"west": {"uv": [0, 0, 2, 1.5], "texture": "#3"},
				"up": {"uv": [0, 0.25, 2, 0], "rotation": 90, "texture": "#3"},
				"down": {"uv": [2, 1.5, 0, 1.25], "rotation": 90, "texture": "#3"}
			}
		},
		{
			"from": [4, 5, 0],
			"to": [12, 11, 1],
			"rotation": {"angle": 0, "axis": "y", "origin": [8, 8, 8]},
			"faces": {
				"north": {"uv": [0, 0, 2, 1.5], "texture": "#3"},
				"east": {"uv": [0, 0, 0.25, 1.5], "texture": "#3"},
				"south": {"uv": [0, 0, 2, 1.5], "texture": "#3"},
				"west": {"uv": [1.75, 0, 2, 1.5], "texture": "#3"},
				"up": {"uv": [2, 0.25, 0, 0], "texture": "#3"},
				"down": {"uv": [2, 1.25, 0, 1.5], "texture": "#3"}
			}
		},
		{
			"from": [15, 5, 4],
			"to": [16, 11, 12],
			"rotation": {"angle": 0, "axis": "y", "origin": [8, 8, 8]},
			"faces": {
				"north": {"uv": [0, 0, 0.25, 1.5], "texture": "#3"},
				"east": {"uv": [0, 0, 2, 1.5], "texture": "#3"},
				"south": {"uv": [1.75, 0, 2, 1.5], "texture": "#3"},
				"west": {"uv": [0, 0, 2, 1.5], "texture": "#3"},
				"up": {"uv": [0, 0.25, 2, 0], "rotation": 90, "texture": "#3"},
				"down": {"uv": [2, 1.5, 0, 1.25], "rotation": 90, "texture": "#3"}
			}
		},
		{
			"from": [2, 0, 2],
			"to": [14, 3, 14],
			"rotation": {"angle": 0, "axis": "y", "origin": [8, 1, 8]},
			"faces": {
				"north": {"uv": [3.5, 0, 6.5, 0.75], "texture": "#3"},
				"east": {"uv": [3.5, 0, 6.5, 0.75], "texture": "#3"},
				"south": {"uv": [3.5, 0, 6.5, 0.75], "texture": "#3"},
				"west": {"uv": [3.5, 0, 6.5, 0.75], "texture": "#3"},
				"down": {"uv": [7.5, 1.75, 4.5, 4.75], "texture": "#3"}
			}
		},
		{
			"from": [5.5, 11, 5.5],
			"to": [10.5, 12, 10.5],
			"rotation": {"angle": 0, "axis": "y", "origin": [-2, -2.5, -1]},
			"faces": {
				"north": {"uv": [7.25, 6.5, 8.5, 6.25], "texture": "#3"},
				"east": {"uv": [7.5, 5.25, 7.25, 6.5], "rotation": 270, "texture": "#3"},
				"south": {"uv": [8.5, 5.5, 7.25, 5.25], "texture": "#3"},
				"west": {"uv": [8.5, 5.25, 8.25, 6.5], "rotation": 90, "texture": "#3"},
				"up": {"uv": [8.5, 6.5, 7.25, 5.25], "texture": "#3"},
				"down": {"uv": [8.5, 5.25, 7.25, 6.5], "texture": "#3"}
			}
		},
		{
			"from": [6, 8, 2],
			"to": [10, 9, 5],
			"rotation": {"angle": 0, "axis": "y", "origin": [8, 9, 8]},
			"faces": {
				"east": {"uv": [0, 3, 0.75, 3.25], "rotation": 180, "texture": "#3"},
				"west": {"uv": [0.75, 3.75, 0, 4], "rotation": 180, "texture": "#3"},
				"up": {"uv": [0.75, 4, 0, 3], "rotation": 270, "texture": "#3"}
			}
		},
		{
			"from": [6, 8, 11],
			"to": [10, 9, 14],
			"rotation": {"angle": 0, "axis": "y", "origin": [8, 8.5, 12.5]},
			"faces": {
				"east": {"uv": [0.75, 3.75, 0, 4], "rotation": 180, "texture": "#3"},
				"west": {"uv": [0, 3, 0.75, 3.25], "rotation": 180, "texture": "#3"},
				"up": {"uv": [0.75, 4, 0, 3], "rotation": 90, "texture": "#3"}
			}
		},
		{
			"from": [2, 8, 6],
			"to": [5, 9, 10],
			"rotation": {"angle": 0, "axis": "y", "origin": [8, 8.5, 8]},
			"faces": {
				"north": {"uv": [0, 3, 0.75, 3.25], "rotation": 180, "texture": "#3"},
				"south": {"uv": [0.75, 3.75, 0, 4], "rotation": 180, "texture": "#3"},
				"up": {"uv": [0.75, 4, 0, 3], "rotation": 180, "texture": "#3"}
			}
		},
		{
			"from": [11, 8, 6],
			"to": [14, 9, 10],
			"rotation": {"angle": 0, "axis": "y", "origin": [8, 8.5, 8]},
			"faces": {
				"north": {"uv": [0.75, 3.75, 0, 4], "rotation": 180, "texture": "#3"},
				"south": {"uv": [0, 3, 0.75, 3.25], "rotation": 180, "texture": "#3"},
				"up": {"uv": [0.75, 4, 0, 3], "texture": "#3"}
			}
		},
		{
			"from": [4.5, 13, 4.5],
			"to": [11.5, 14, 11.5],
			"rotation": {"angle": 0, "axis": "y", "origin": [3, -0.5, 3]},
			"faces": {
				"north": {"uv": [5.5, 7, 7.25, 6.75], "texture": "#3"},
				"east": {"uv": [5.75, 5.25, 5.5, 7], "rotation": 270, "texture": "#3"},
				"south": {"uv": [7.25, 5.5, 5.5, 5.25], "texture": "#3"},
				"west": {"uv": [7.25, 5.25, 7, 7], "rotation": 90, "texture": "#3"},
				"up": {"uv": [7.25, 7, 5.5, 5.25], "texture": "#3"},
				"down": {"uv": [7.25, 5.25, 5.5, 7], "texture": "#3"}
			}
		},
		{
			"from": [1.5, 15, 1.5],
			"to": [14.5, 16, 14.5],
			"rotation": {"angle": 0, "axis": "y", "origin": [0, 1.5, 0]},
			"faces": {
				"north": {"uv": [0, 8.25, 3.25, 8.5], "texture": "#3"},
				"east": {"uv": [0, 5.25, 0.25, 8.5], "rotation": 270, "texture": "#3"},
				"south": {"uv": [3.25, 5.25, 0, 5.5], "texture": "#3"},
				"west": {"uv": [3, 5.25, 3.25, 8.5], "rotation": 90, "texture": "#3"},
				"up": {"uv": [3.25, 8.5, 0, 5.25], "texture": "#3"},
				"down": {"uv": [3.25, 5.25, 0, 8.5], "texture": "#3"}
			}
		},
		{
			"from": [14, 10, 7],
			"to": [15, 17, 9],
			"rotation": {"angle": 0, "axis": "y", "origin": [8, 12.525, 8]},
			"faces": {
				"north": {"uv": [8.25, 1.75, 8.5, 3.5], "texture": "#3"},
				"east": {"uv": [8, 1.75, 8.5, 3.5], "texture": "#3"},
				"south": {"uv": [8, 1.75, 8.25, 3.5], "texture": "#3"},
				"west": {"uv": [7.5, 1.75, 8, 3.5], "texture": "#3"},
				"up": {"uv": [8.5, 2, 8, 1.75], "rotation": 270, "texture": "#3"}
			}
		},
		{
			"from": [2, 12.975, 7],
			"to": [5, 14.075, 9],
			"rotation": {"angle": 0, "axis": "y", "origin": [8, 12.525, 8]},
			"faces": {
				"north": {"uv": [7.75, 2.25, 8, 3], "rotation": 270, "texture": "#3"},
				"east": {"uv": [8, 2.25, 7.5, 2], "rotation": 180, "texture": "#3"},
				"south": {"uv": [7.5, 2.25, 7.75, 3], "rotation": 90, "texture": "#3"},
				"up": {"uv": [7.5, 2.25, 8, 3], "rotation": 90, "texture": "#3"},
				"down": {"uv": [7.5, 2.25, 8, 3], "rotation": 90, "texture": "#3"}
			}
		},
		{
			"from": [2, 10.975, 7],
			"to": [6, 12.075, 9],
			"rotation": {"angle": 0, "axis": "y", "origin": [8, 12.525, 8]},
			"faces": {
				"north": {"uv": [7.75, 2.25, 8.025, 3.25], "rotation": 270, "texture": "#3"},
				"east": {"uv": [8, 2.25, 7.5, 2], "rotation": 180, "texture": "#3"},
				"south": {"uv": [7.5, 2.25, 7.775, 3.25], "rotation": 90, "texture": "#3"},
				"up": {"uv": [7.5, 2.25, 8, 3.25], "rotation": 90, "texture": "#3"},
				"down": {"uv": [7.5, 2.25, 8, 3.25], "rotation": 90, "texture": "#3"}
			}
		},
		{
			"from": [1, 10, 7],
			"to": [2, 17, 9],
			"rotation": {"angle": 0, "axis": "y", "origin": [8, 12.525, 8]},
			"faces": {
				"north": {"uv": [8, 1.75, 8.25, 3.5], "texture": "#3"},
				"east": {"uv": [7.5, 1.75, 8, 3.5], "texture": "#3"},
				"south": {"uv": [8.25, 1.75, 8.5, 3.5], "texture": "#3"},
				"west": {"uv": [8, 1.75, 8.5, 3.5], "texture": "#3"},
				"up": {"uv": [8.5, 2, 8, 1.75], "rotation": 90, "texture": "#3"}
			}
		},
		{
			"from": [11, 12.975, 7],
			"to": [14, 14.075, 9],
			"rotation": {"angle": 0, "axis": "z", "origin": [8, 12.525, 8]},
			"faces": {
				"north": {"uv": [7.5, 2.25, 7.75, 3], "rotation": 90, "texture": "#3"},
				"south": {"uv": [7.75, 2.25, 8, 3], "rotation": 270, "texture": "#3"},
				"west": {"uv": [8, 2.25, 7.5, 2], "rotation": 180, "texture": "#3"},
				"up": {"uv": [7.5, 2.25, 8, 3], "rotation": 270, "texture": "#3"},
				"down": {"uv": [7.5, 2.25, 8, 3], "rotation": 270, "texture": "#3"}
			}
		},
		{
			"from": [10, 10.975, 7],
			"to": [14, 12.075, 9],
			"rotation": {"angle": 0, "axis": "y", "origin": [8, 12.525, 8]},
			"faces": {
				"north": {"uv": [7.5, 2.25, 7.775, 3.25], "rotation": 90, "texture": "#3"},
				"south": {"uv": [7.75, 2.25, 8.025, 3.25], "rotation": 270, "texture": "#3"},
				"west": {"uv": [8, 2.25, 7.5, 2], "rotation": 180, "texture": "#3"},
				"up": {"uv": [7.5, 2.25, 8, 3.25], "rotation": 270, "texture": "#3"},
				"down": {"uv": [7.5, 2.25, 8, 3.25], "rotation": 270, "texture": "#3"}
			}
		},
		{
			"from": [1, 7, 1],
			"to": [15, 8, 15],
			"rotation": {"angle": 0, "axis": "y", "origin": [8, -2, 8]},
			"faces": {
				"north": {"uv": [2, 0.75, 5.5, 1], "texture": "#3"},
				"east": {"uv": [2, 0.75, 5.5, 1], "texture": "#3"},
				"south": {"uv": [2, 0.75, 5.5, 1], "texture": "#3"},
				"west": {"uv": [2, 0.75, 5.5, 1], "texture": "#3"},
				"up": {"uv": [4.5, 5.25, 1, 1.75], "texture": "#3"},
				"down": {"uv": [4.5, 1.75, 1, 5.25], "texture": "#3"}
			}
		},
		{
			"from": [1, 3, 1],
			"to": [15, 6, 15],
			"faces": {
				"north": {"uv": [2, 0.75, 5.5, 1.5], "texture": "#3"},
				"east": {"uv": [2, 0.75, 5.5, 1.5], "texture": "#3"},
				"south": {"uv": [2, 0.75, 5.5, 1.5], "texture": "#3"},
				"west": {"uv": [2, 0.75, 5.5, 1.5], "texture": "#3"},
				"up": {"uv": [4.5, 5.25, 1, 1.75], "texture": "#3"},
				"down": {"uv": [7.5, 1.75, 4.5, 4.75], "texture": "#3"}
			}
		},
		{
			"from": [5, 8, 5],
			"to": [11, 9, 11],
			"rotation": {"angle": 0, "axis": "y", "origin": [0, 1, 0]},
			"faces": {
				"north": {"uv": [2, 0.5, 3.5, 0.75], "texture": "#3"},
				"east": {"uv": [2, 0.5, 3.5, 0.75], "texture": "#3"},
				"south": {"uv": [2, 0.5, 3.5, 0.75], "texture": "#3"},
				"west": {"uv": [2, 0.5, 3.5, 0.75], "texture": "#3"},
				"up": {"uv": [9.5, 1.5, 8, 0], "texture": "#3"}
			}
		},
		{
			"from": [5, 6, 5],
			"to": [11, 7, 11],
			"rotation": {"angle": 0, "axis": "y", "origin": [0, -1, 0]},
			"faces": {
				"north": {"uv": [2, 0.5, 3.5, 0.75], "texture": "#3"},
				"east": {"uv": [2, 0.5, 3.5, 0.75], "texture": "#3"},
				"south": {"uv": [2, 0.5, 3.5, 0.75], "texture": "#3"},
				"west": {"uv": [2, 0.5, 3.5, 0.75], "texture": "#3"}
			}
		},
		{
			"from": [7, 6, 2],
			"to": [9, 7, 5],
			"rotation": {"angle": 0, "axis": "y", "origin": [8, 6.5, 8]},
			"faces": {
				"east": {"uv": [0.75, 2.75, 0, 3], "texture": "#3"},
				"west": {"uv": [0, 2.5, 0.75, 2.75], "texture": "#3"}
			}
		},
		{
			"from": [11, 6, 7],
			"to": [14, 7, 9],
			"rotation": {"angle": 0, "axis": "y", "origin": [8, 6.5, 8]},
			"faces": {
				"north": {"uv": [0, 2.5, 0.75, 2.75], "texture": "#3"},
				"south": {"uv": [0.75, 2.75, 0, 3], "texture": "#3"}
			}
		},
		{
			"from": [2, 6, 7],
			"to": [5, 7, 9],
			"rotation": {"angle": 0, "axis": "y", "origin": [8, 6.5, 8]},
			"faces": {
				"north": {"uv": [0.75, 2.75, 0, 3], "texture": "#3"},
				"south": {"uv": [0, 2.5, 0.75, 2.75], "texture": "#3"}
			}
		},
		{
			"from": [7, 6, 11],
			"to": [9, 7, 14],
			"rotation": {"angle": 0, "axis": "y", "origin": [8, 6.5, 8]},
			"faces": {
				"east": {"uv": [0, 2.5, 0.75, 2.75], "texture": "#3"},
				"west": {"uv": [0.75, 2.75, 0, 3], "texture": "#3"}
			}
		},
		{
			"from": [5, 6, 1],
			"to": [11, 10, 2],
			"rotation": {"angle": 0, "axis": "y", "origin": [8, 9.5, 8]},
			"faces": {
				"east": {"uv": [10.75, 0, 11, 1], "texture": "#3"},
				"south": {"uv": [9.5, 0, 11, 1], "texture": "#3"},
				"west": {"uv": [9.5, 0, 9.75, 1], "texture": "#3"},
				"up": {"uv": [9.5, 0, 11, 0.25], "texture": "#3"}
			}
		},
		{
			"from": [1, 6, 5],
			"to": [2, 10, 11],
			"rotation": {"angle": 0, "axis": "y", "origin": [8, 9.5, 8]},
			"faces": {
				"north": {"uv": [10.75, 0, 11, 1], "texture": "#3"},
				"east": {"uv": [9.5, 0, 11, 1], "texture": "#3"},
				"south": {"uv": [9.5, 0, 9.75, 1], "texture": "#3"},
				"up": {"uv": [9.5, 0, 11, 0.25], "rotation": 270, "texture": "#3"}
			}
		},
		{
			"from": [5, 6, 14],
			"to": [11, 10, 15],
			"rotation": {"angle": 0, "axis": "y", "origin": [8, 9.5, 8]},
			"faces": {
				"north": {"uv": [9.5, 0, 11, 1], "texture": "#3"},
				"east": {"uv": [9.5, 0, 9.75, 1], "texture": "#3"},
				"west": {"uv": [10.75, 0, 11, 1], "texture": "#3"},
				"up": {"uv": [9.5, 0, 11, 0.25], "rotation": 180, "texture": "#3"}
			}
		},
		{
			"from": [14, 6, 5],
			"to": [15, 10, 11],
			"rotation": {"angle": 0, "axis": "y", "origin": [8, 9.5, 8]},
			"faces": {
				"north": {"uv": [9.5, 0, 9.75, 1], "texture": "#3"},
				"south": {"uv": [10.75, 0, 11, 1], "texture": "#3"},
				"west": {"uv": [9.5, 0, 11, 1], "texture": "#3"},
				"up": {"uv": [9.5, 0, 11, 0.25], "rotation": 90, "texture": "#3"}
			}
		},
		{
			"from": [13, 6, 13],
			"to": [14, 7, 14],
			"rotation": {"angle": 0, "axis": "y", "origin": [10, 12.5, 10]},
			"faces": {
				"north": {"uv": [7.75, 2.75, 8, 3], "texture": "#3"},
				"east": {"uv": [7.75, 2.75, 8, 3], "texture": "#3"},
				"south": {"uv": [7.75, 2.75, 8, 3], "texture": "#3"},
				"west": {"uv": [7.75, 2.75, 8, 3], "texture": "#3"}
			}
		},
		{
			"from": [13, 6, 2],
			"to": [14, 7, 3],
			"rotation": {"angle": 0, "axis": "y", "origin": [10, 12.5, -1]},
			"faces": {
				"north": {"uv": [7.75, 2.75, 8, 3], "texture": "#3"},
				"east": {"uv": [7.75, 2.75, 8, 3], "texture": "#3"},
				"south": {"uv": [7.75, 2.75, 8, 3], "texture": "#3"},
				"west": {"uv": [7.75, 2.75, 8, 3], "texture": "#3"}
			}
		},
		{
			"from": [2, 6, 13],
			"to": [3, 7, 14],
			"rotation": {"angle": 0, "axis": "y", "origin": [-1, 12.5, 10]},
			"faces": {
				"north": {"uv": [7.75, 2.75, 8, 3], "texture": "#3"},
				"east": {"uv": [7.75, 2.75, 8, 3], "texture": "#3"},
				"south": {"uv": [7.75, 2.75, 8, 3], "texture": "#3"},
				"west": {"uv": [7.75, 2.75, 8, 3], "texture": "#3"}
			}
		},
		{
			"from": [2, 6, 2],
			"to": [3, 7, 3],
			"rotation": {"angle": 0, "axis": "y", "origin": [-1, 12.5, -1]},
			"faces": {
				"north": {"uv": [7.75, 2.75, 8, 3], "texture": "#3"},
				"east": {"uv": [7.75, 2.75, 8, 3], "texture": "#3"},
				"south": {"uv": [7.75, 2.75, 8, 3], "texture": "#3"},
				"west": {"uv": [7.75, 2.75, 8, 3], "texture": "#3"}
			}
		}
	],
	"display": {
		"thirdperson_righthand": {
			"rotation": [75, 45, 0],
			"translation": [0, 2.5, 0],
			"scale": [0.375, 0.375, 0.375]
		},
		"thirdperson_lefthand": {
			"rotation": [75, 45, 0],
			"translation": [0, 2.5, 0],
			"scale": [0.375, 0.375, 0.375]
		},
		"firstperson_righthand": {
			"rotation": [0, 45, 0],
			"scale": [0.4, 0.4, 0.4]
		},
		"firstperson_lefthand": {
			"rotation": [0, 225, 0],
			"scale": [0.4, 0.4, 0.4]
		},
		"ground": {
			"translation": [0, 3, 0],
			"scale": [0.25, 0.25, 0.25]
		},
		"gui": {
			"rotation": [30, 225, 0],
			"scale": [0.625, 0.625, 0.625]
		},
		"fixed": {
			"scale": [0.5, 0.5, 0.5]
		}
	}
}