{
	"credit": "Made with Blockbench",
	"parent": "minecraft:block/cube_bottom_top",
	"texture_size": [64, 64],
	"textures": {
		"3": "create_new_age:block/solar/solar_0",
		"particle": "create:block/industrial_iron_block"
	},
	"elements": [
		{
			"from": [5, 7, 5],
			"to": [11, 8, 11],
			"faces": {
				"north": {"uv": [2, 0.5, 3.5, 0.75], "texture": "#3"},
				"east": {"uv": [2, 0.5, 3.5, 0.75], "texture": "#3"},
				"south": {"uv": [2, 0.5, 3.5, 0.75], "texture": "#3"},
				"west": {"uv": [2, 0.5, 3.5, 0.75], "texture": "#3"},
				"up": {"uv": [8, 1.5, 6.5, 0], "texture": "#3"}
			}
		},
		{
			"from": [7, 7, 11],
			"to": [9, 8, 14],
			"rotation": {"angle": 0, "axis": "y", "origin": [8, 7.5, 8]},
			"faces": {
				"east": {"uv": [0, 2.5, 0.75, 2.75], "texture": "#3"},
				"west": {"uv": [0.75, 2.75, 0, 3], "texture": "#3"},
				"up": {"uv": [0, 3, 0.75, 2.5], "rotation": 270, "texture": "#3"}
			}
		},
		{
			"from": [11, 7, 7],
			"to": [14, 8, 9],
			"rotation": {"angle": 0, "axis": "y", "origin": [8, 7.5, 8]},
			"faces": {
				"north": {"uv": [0, 2.5, 0.75, 2.75], "texture": "#3"},
				"south": {"uv": [0.75, 2.75, 0, 3], "texture": "#3"},
				"up": {"uv": [0, 3, 0.75, 2.5], "rotation": 180, "texture": "#3"}
			}
		},
		{
			"from": [7, 7, 2],
			"to": [9, 8, 5],
			"rotation": {"angle": 0, "axis": "y", "origin": [8, 7.5, 8]},
			"faces": {
				"east": {"uv": [0.75, 2.75, 0, 3], "texture": "#3"},
				"west": {"uv": [0, 2.5, 0.75, 2.75], "texture": "#3"},
				"up": {"uv": [0, 3, 0.75, 2.5], "rotation": 90, "texture": "#3"}
			}
		},
		{
			"from": [2, 7, 7],
			"to": [5, 8, 9],
			"rotation": {"angle": 0, "axis": "y", "origin": [8, 7.5, 8]},
			"faces": {
				"north": {"uv": [0.75, 2.75, 0, 3], "texture": "#3"},
				"south": {"uv": [0, 2.5, 0.75, 2.75], "texture": "#3"},
				"up": {"uv": [0, 3, 0.75, 2.5], "texture": "#3"}
			}
		},
		{
			"from": [1, 8, 7],
			"to": [2, 10, 9],
			"rotation": {"angle": 0, "axis": "y", "origin": [8, 9.5, 8]},
			"faces": {
				"east": {"uv": [7.5, 2.25, 8, 2.75], "texture": "#3"},
				"up": {"uv": [7.5, 2.25, 8, 2.5], "rotation": 270, "texture": "#3"}
			}
		},
		{
			"from": [7, 8, 14],
			"to": [9, 10, 15],
			"rotation": {"angle": 0, "axis": "y", "origin": [8, 9.5, 8]},
			"faces": {
				"north": {"uv": [7.5, 2.25, 8, 2.75], "texture": "#3"},
				"up": {"uv": [7.5, 2.25, 8, 2.5], "rotation": 180, "texture": "#3"}
			}
		},
		{
			"from": [14, 8, 7],
			"to": [15, 10, 9],
			"rotation": {"angle": 0, "axis": "y", "origin": [8, 9.5, 8]},
			"faces": {
				"west": {"uv": [7.5, 2.25, 8, 2.75], "texture": "#3"},
				"up": {"uv": [7.5, 2.25, 8, 2.5], "rotation": 90, "texture": "#3"}
			}
		},
		{
			"from": [7, 8, 1],
			"to": [9, 10, 2],
			"rotation": {"angle": 0, "axis": "y", "origin": [8, 9.5, 8]},
			"faces": {
				"south": {"uv": [7.5, 2.25, 8, 2.75], "texture": "#3"},
				"up": {"uv": [7.5, 2.25, 8, 2.5], "texture": "#3"}
			}
		},
		{
			"from": [1.5, 13, 1.5],
			"to": [14.5, 14, 14.5],
			"rotation": {"angle": 0, "axis": "y", "origin": [0, -0.5, 0]},
			"faces": {
				"north": {"uv": [0, 8.25, 3.25, 8.5], "texture": "#3"},
				"east": {"uv": [0, 5.25, 0.25, 8.5], "rotation": 270, "texture": "#3"},
				"south": {"uv": [3.25, 5.25, 0, 5.5], "texture": "#3"},
				"west": {"uv": [3, 5.25, 3.25, 8.5], "rotation": 90, "texture": "#3"},
				"up": {"uv": [3.25, 8.5, 0, 5.25], "texture": "#3"},
				"down": {"uv": [3.25, 5.25, 0, 8.5], "texture": "#3"}
			}
		},
		{
			"from": [4.5, 9, 4.5],
			"to": [11.5, 10, 11.5],
			"rotation": {"angle": 0, "axis": "y", "origin": [0, -0.5, 0]},
			"faces": {
				"north": {"uv": [5.5, 6.75, 7.25, 7], "texture": "#3"},
				"east": {"uv": [5.5, 5.25, 5.75, 7], "rotation": 270, "texture": "#3"},
				"south": {"uv": [5.5, 5.25, 7.25, 5.5], "rotation": 180, "texture": "#3"},
				"west": {"uv": [7, 5.25, 7.25, 7], "rotation": 90, "texture": "#3"},
				"up": {"uv": [7.25, 7, 5.5, 5.25], "texture": "#3"},
				"down": {"uv": [7.25, 5.25, 5.5, 7], "texture": "#3"}
			}
		},
		{
			"from": [1, 7, 9],
			"to": [2, 15, 11],
			"rotation": {"angle": 0, "axis": "y", "origin": [8, 11, 8]},
			"faces": {
				"north": {"uv": [8, 1.75, 8.25, 3.75], "texture": "#3"},
				"east": {"uv": [7.5, 1.75, 8, 3.75], "texture": "#3"},
				"south": {"uv": [8.25, 1.75, 8.5, 3.75], "texture": "#3"},
				"west": {"uv": [8, 1.75, 8.5, 3.75], "texture": "#3"},
				"up": {"uv": [8.5, 2, 8, 1.75], "rotation": 90, "texture": "#3"}
			}
		},
		{
			"from": [1, 7, 5],
			"to": [2, 15, 7],
			"rotation": {"angle": 0, "axis": "y", "origin": [8, 11, 8]},
			"faces": {
				"north": {"uv": [8, 1.75, 8.25, 3.75], "texture": "#3"},
				"east": {"uv": [7.5, 1.75, 8, 3.75], "texture": "#3"},
				"south": {"uv": [8.25, 1.75, 8.5, 3.75], "texture": "#3"},
				"west": {"uv": [8, 1.75, 8.5, 3.75], "texture": "#3"},
				"up": {"uv": [8.5, 2, 8, 1.75], "rotation": 90, "texture": "#3"}
			}
		},
		{
			"from": [9, 7, 14],
			"to": [11, 15, 15],
			"rotation": {"angle": 0, "axis": "y", "origin": [8, 11, 8]},
			"faces": {
				"north": {"uv": [7.5, 1.75, 8, 3.75], "texture": "#3"},
				"east": {"uv": [8.25, 1.75, 8.5, 3.75], "texture": "#3"},
				"south": {"uv": [8, 1.75, 8.5, 3.75], "texture": "#3"},
				"west": {"uv": [8, 1.75, 8.25, 3.75], "texture": "#3"},
				"up": {"uv": [8.5, 2, 8, 1.75], "texture": "#3"}
			}
		},
		{
			"from": [14, 7, 9],
			"to": [15, 15, 11],
			"rotation": {"angle": 0, "axis": "y", "origin": [8, 11, 8]},
			"faces": {
				"north": {"uv": [8.25, 1.75, 8.5, 3.75], "texture": "#3"},
				"east": {"uv": [8, 1.75, 8.5, 3.75], "texture": "#3"},
				"south": {"uv": [8, 1.75, 8.25, 3.75], "texture": "#3"},
				"west": {"uv": [7.5, 1.75, 8, 3.75], "texture": "#3"},
				"up": {"uv": [8.5, 2, 8, 1.75], "rotation": 270, "texture": "#3"}
			}
		},
		{
			"from": [5, 7, 1],
			"to": [7, 15, 2],
			"rotation": {"angle": 0, "axis": "y", "origin": [8, 11, 8]},
			"faces": {
				"north": {"uv": [8, 1.75, 8.5, 3.75], "texture": "#3"},
				"east": {"uv": [8, 1.75, 8.25, 3.75], "texture": "#3"},
				"south": {"uv": [7.5, 1.75, 8, 3.75], "texture": "#3"},
				"west": {"uv": [8.25, 1.75, 8.5, 3.75], "texture": "#3"},
				"up": {"uv": [8.5, 2, 8, 1.75], "rotation": 180, "texture": "#3"}
			}
		},
		{
			"from": [9, 7, 1],
			"to": [11, 15, 2],
			"rotation": {"angle": 0, "axis": "y", "origin": [8, 11, 8]},
			"faces": {
				"north": {"uv": [8, 1.75, 8.5, 3.75], "texture": "#3"},
				"east": {"uv": [8, 1.75, 8.25, 3.75], "texture": "#3"},
				"south": {"uv": [7.5, 1.75, 8, 3.75], "texture": "#3"},
				"west": {"uv": [8.25, 1.75, 8.5, 3.75], "texture": "#3"},
				"up": {"uv": [8.5, 2, 8, 1.75], "rotation": 180, "texture": "#3"}
			}
		},
		{
			"from": [14, 7, 5],
			"to": [15, 15, 7],
			"rotation": {"angle": 0, "axis": "y", "origin": [8, 11, 8]},
			"faces": {
				"north": {"uv": [8.25, 1.75, 8.5, 3.75], "texture": "#3"},
				"east": {"uv": [8, 1.75, 8.5, 3.75], "texture": "#3"},
				"south": {"uv": [8, 1.75, 8.25, 3.75], "texture": "#3"},
				"west": {"uv": [7.5, 1.75, 8, 3.75], "texture": "#3"},
				"up": {"uv": [8.5, 2, 8, 1.75], "rotation": 270, "texture": "#3"}
			}
		},
		{
			"from": [5, 7, 14],
			"to": [7, 15, 15],
			"rotation": {"angle": 0, "axis": "y", "origin": [8, 11, 8]},
			"faces": {
				"north": {"uv": [7.5, 1.75, 8, 3.75], "texture": "#3"},
				"east": {"uv": [8.25, 1.75, 8.5, 3.75], "texture": "#3"},
				"south": {"uv": [8, 1.75, 8.5, 3.75], "texture": "#3"},
				"west": {"uv": [8, 1.75, 8.25, 3.75], "texture": "#3"},
				"up": {"uv": [8.5, 2, 8, 1.75], "texture": "#3"}
			}
		},
		{
			"from": [11, 7, 4],
			"to": [12, 11, 5],
			"rotation": {"angle": 0, "axis": "y", "origin": [8, 13.5, 8]},
			"faces": {
				"north": {"uv": [8.25, 1.75, 8.5, 2.75], "texture": "#3"},
				"east": {"uv": [8.25, 1.75, 8.5, 2.75], "texture": "#3"},
				"south": {"uv": [8.25, 1.75, 8.5, 2.75], "texture": "#3"},
				"west": {"uv": [8.25, 1.75, 8.5, 2.75], "texture": "#3"},
				"up": {"uv": [7.75, 2, 7.5, 1.75], "texture": "#3"}
			}
		},
		{
			"from": [4, 7, 4],
			"to": [5, 11, 5],
			"rotation": {"angle": 0, "axis": "y", "origin": [8, 13.5, 8]},
			"faces": {
				"north": {"uv": [8.25, 1.75, 8.5, 2.75], "texture": "#3"},
				"east": {"uv": [8.25, 1.75, 8.5, 2.75], "texture": "#3"},
				"south": {"uv": [8.25, 1.75, 8.5, 2.75], "texture": "#3"},
				"west": {"uv": [8.25, 1.75, 8.5, 2.75], "texture": "#3"},
				"up": {"uv": [7.75, 2, 7.5, 1.75], "rotation": 270, "texture": "#3"}
			}
		},
		{
			"from": [4, 7, 11],
			"to": [5, 11, 12],
			"rotation": {"angle": 0, "axis": "y", "origin": [8, 13.5, 8]},
			"faces": {
				"north": {"uv": [8.25, 1.75, 8.5, 2.75], "texture": "#3"},
				"east": {"uv": [8.25, 1.75, 8.5, 2.75], "texture": "#3"},
				"south": {"uv": [8.25, 1.75, 8.5, 2.75], "texture": "#3"},
				"west": {"uv": [8.25, 1.75, 8.5, 2.75], "texture": "#3"},
				"up": {"uv": [7.75, 2, 7.5, 1.75], "rotation": 180, "texture": "#3"}
			}
		},
		{
			"from": [11, 7, 11],
			"to": [12, 11, 12],
			"rotation": {"angle": 0, "axis": "y", "origin": [8, 13.5, 8]},
			"faces": {
				"north": {"uv": [8.25, 1.75, 8.5, 2.75], "texture": "#3"},
				"east": {"uv": [8.25, 1.75, 8.5, 2.75], "texture": "#3"},
				"south": {"uv": [8.25, 1.75, 8.5, 2.75], "texture": "#3"},
				"west": {"uv": [8.25, 1.75, 8.5, 2.75], "texture": "#3"},
				"up": {"uv": [7.75, 2, 7.5, 1.75], "rotation": 90, "texture": "#3"}
			}
		},
		{
			"from": [4, 5, 15],
			"to": [12, 11, 16],
			"rotation": {"angle": 0, "axis": "y", "origin": [8, 8, 8]},
			"faces": {
				"north": {"uv": [0, 0, 2, 1.5], "texture": "#3"},
				"east": {"uv": [0, 0, 0.25, 1.5], "texture": "#3"},
				"south": {"uv": [0, 0, 2, 1.5], "texture": "#3"},
				"west": {"uv": [1.75, 0, 2, 1.5], "texture": "#3"},
				"up": {"uv": [0, 0.25, 2, 0], "texture": "#3"},
				"down": {"uv": [0, 1.25, 2, 1.5], "texture": "#3"}
			}
		},
		{
			"from": [0, 5, 4],
			"to": [1, 11, 12],
			"rotation": {"angle": 0, "axis": "y", "origin": [8, 8, 8]},
			"faces": {
				"north": {"uv": [0, 0, 0.25, 1.5], "texture": "#3"},
				"east": {"uv": [0, 0, 2, 1.5], "texture": "#3"},
				"south": {"uv": [1.75, 0, 2, 1.5], "texture": "#3"},
				"west": {"uv": [0, 0, 2, 1.5], "texture": "#3"},
				"up": {"uv": [0, 0.25, 2, 0], "rotation": 90, "texture": "#3"},
				"down": {"uv": [2, 1.5, 0, 1.25], "rotation": 90, "texture": "#3"}
			}
		},
		{
			"from": [4, 5, 0],
			"to": [12, 11, 1],
			"rotation": {"angle": 0, "axis": "y", "origin": [8, 8, 8]},
			"faces": {
				"north": {"uv": [0, 0, 2, 1.5], "texture": "#3"},
				"east": {"uv": [0, 0, 0.25, 1.5], "texture": "#3"},
				"south": {"uv": [0, 0, 2, 1.5], "texture": "#3"},
				"west": {"uv": [1.75, 0, 2, 1.5], "texture": "#3"},
				"up": {"uv": [2, 0.25, 0, 0], "texture": "#3"},
				"down": {"uv": [2, 1.25, 0, 1.5], "texture": "#3"}
			}
		},
		{
			"from": [15, 5, 4],
			"to": [16, 11, 12],
			"rotation": {"angle": 0, "axis": "y", "origin": [8, 8, 8]},
			"faces": {
				"north": {"uv": [0, 0, 0.25, 1.5], "texture": "#3"},
				"east": {"uv": [0, 0, 2, 1.5], "texture": "#3"},
				"south": {"uv": [1.75, 0, 2, 1.5], "texture": "#3"},
				"west": {"uv": [0, 0, 2, 1.5], "texture": "#3"},
				"up": {"uv": [0, 0.25, 2, 0], "rotation": 90, "texture": "#3"},
				"down": {"uv": [2, 1.5, 0, 1.25], "rotation": 90, "texture": "#3"}
			}
		},
		{
			"from": [1, 3, 1],
			"to": [15, 7, 15],
			"faces": {
				"north": {"uv": [2, 0.75, 5.5, 1.75], "texture": "#3"},
				"east": {"uv": [2, 0.75, 5.5, 1.75], "texture": "#3"},
				"south": {"uv": [2, 0.75, 5.5, 1.75], "texture": "#3"},
				"west": {"uv": [2, 0.75, 5.5, 1.75], "texture": "#3"},
				"up": {"uv": [4.5, 5.25, 1, 1.75], "texture": "#3"},
				"down": {"uv": [7.5, 1.75, 4.5, 4.75], "texture": "#3"}
			}
		},
		{
			"from": [2, 0, 2],
			"to": [14, 3, 14],
			"rotation": {"angle": 0, "axis": "y", "origin": [8, 1, 8]},
			"faces": {
				"north": {"uv": [3.5, 0, 6.5, 0.75], "texture": "#3"},
				"east": {"uv": [3.5, 0, 6.5, 0.75], "texture": "#3"},
				"south": {"uv": [3.5, 0, 6.5, 0.75], "texture": "#3"},
				"west": {"uv": [3.5, 0, 6.5, 0.75], "texture": "#3"},
				"down": {"uv": [7.5, 1.75, 4.5, 4.75], "texture": "#3"}
			}
		}
	],
	"display": {
		"thirdperson_righthand": {
			"rotation": [75, 45, 0],
			"translation": [0, 2.5, 0],
			"scale": [0.375, 0.375, 0.375]
		},
		"thirdperson_lefthand": {
			"rotation": [75, 45, 0],
			"translation": [0, 2.5, 0],
			"scale": [0.375, 0.375, 0.375]
		},
		"firstperson_righthand": {
			"rotation": [0, 45, 0],
			"scale": [0.4, 0.4, 0.4]
		},
		"firstperson_lefthand": {
			"rotation": [0, 225, 0],
			"scale": [0.4, 0.4, 0.4]
		},
		"ground": {
			"translation": [0, 3, 0],
			"scale": [0.25, 0.25, 0.25]
		},
		"gui": {
			"rotation": [30, 225, 0],
			"scale": [0.625, 0.625, 0.625]
		},
		"fixed": {
			"scale": [0.5, 0.5, 0.5]
		}
	}
}