{
  "name": "加速符文",
  "icon": "bloodmagic:accelerationrune",
  "category": "bloodmagic:altar/blood_rune",
  "pages": [
    {
      "type": "patchouli:text",
      "text": "$(item)加速符文$()能够增加运作量。通常情况下$(l:bloodmagic:altar/blood_rune/charging_rune)充能符文$(/l)及$(l:bloodmagic:altar/blood_rune/dislocation_rune)流动符文$(/l)每20Tick运作一次，而每颗符文会将运转所需Tick-1，最多能够减少到每Tick一次。"
    },
    {
      "type": "patchouli:crafting",
      "recipe": "bloodmagic:blood_rune_acceleration"
    },
    {
      "type": "patchouli:crafting",
      "recipe": "bloodmagic:blood_rune_acceleration_2",
      "text":"有了一些$(item)远古遗骸$()和一点从$(l:bloodmagic:dungeons/endless_realm)魔域$()掠夺来的$(item)精密狱火锻造组件$()，将能够让$(item)加速符文$()的能力加倍，每一颗加速符文能当作两颗使用，为你的其他符文腾出空间。"
    },
    {
      "type": "bloodmagic:crafting_arc",
      "recipe": "bloodmagic:arc/reversion/acceleration",
      "text":"如果你改变主意，你可以在炼金术反应室改变配方。"
    }
  ]
}