{
  "name": "意志水晶",
  "icon": "bloodmagic:rawcatalyst",
  "category": "bloodmagic:demon_will/will_manipulation",
  "pages": [
    {
      "type": "patchouli:text",
      "text": "$(raw)恶魔意志$()有一个缺点，他的搜集过程相当缓慢，且无趣。即使在$(l:bloodmagic:demon_will/will_manipulation/soul_gem)下界魂石$()几乎充满的情况下及$(l:bloodmagic:demon_will/demonic_items/sentient_sword)感知之剑$()附上$(thing)掠夺 III$()并且进一步的使用$(l:bloodmagic:alchemy_table/anointments/looting_anointment)掠夺闪芒 II$()，这仍然是一个必须亲手去做的过程，而且你有更重要的事情要做，你的天才想法等着你去实现，而不是争先恐后的屠杀蜘蛛及骷髅。"
    },
    {
      "type": "patchouli:text",
      "text": "幸运的是，这个过程是有可能自动化的，让你有更多的时间能够扩展你的邪恶帝国。(如果你想要，你也能回去种甜菜根。) $(br2)第一步是获得一些$(l:bloodmagic/demon_will/will_manipulation/crystallized_will)恶魔意志水晶$()。我们可以使用任何类型 - $(raw)原始意志$()，$(steadfast)坚毅$()，$(#ADFEDC)破坏$()， $(vengeful)复仇$()或是$(corrosive)腐蚀$()意志，只要我们有四个相同类型的水晶就可以了。"
    },
    {
      "type": "bloodmagic:3x_crafting_soulforge",
      "a.heading": "原始晶簇",
      "a.recipe": "bloodmagic:soulforge/raw_crystal_block",
      "b.heading": "坚毅晶簇",
      "b.recipe": "bloodmagic:soulforge/steadfast_crystal_block",
      "c.heading": "破坏晶簇",
      "c.recipe": "bloodmagic:soulforge/destructive_crystal_block"
    },
    {
      "type": "bloodmagic:2x_crafting_soulforge",
      "a.heading": "复仇晶簇",
      "a.recipe": "bloodmagic:soulforge/vengeful_crystal_block",
      "b.heading": "腐蚀晶簇",
      "b.recipe": "bloodmagic:soulforge/corrosive_crystal_block"
    },
    {
      "type": "patchouli:text",
      "text": "一但你有了这些晶簇，只需要把它放置在区块中，并为该区块提供对应的意志，然后等待。最终，新的结晶将会成长，就象在$(l:bloodmagic:demon_will/will_manipulation/crystallized_will)恶魔结晶祭坛$()。$(br2)你甚至可以使用$(l:bloodmagic:rituals/ritual_list/ritual_crystal_harvest)碎晶仪式$()自动破坏这些晶簇，并且使用$(l:bloodmagic:rituals/ritual_list/ritual_zephyr)拾取仪式$()搜集。"
    },
    {
      "type": "patchouli:text",
      "text": "当有了基础的$(l:bloodmagic:demon_will/item_routing/routing_nodes)路由节点系统$()，你甚至能够将多余的晶体送到$(l:bloodmagic:demon_will/will_manipulation/crystallized_will)恶魔坩锅$()完成全自动化，无止境的循环。$(br2)然而也许你注意到了一些问题 - 这样的配置很慢，非常，非常缓慢。每个晶簇可能每隔几分钟才成长一个水晶，并且生产所需的意志几乎与你燃烧获得的一样多 - 平均来说，大约是 1 意志/分锺/水晶。"
    },
    {
      "type": "bloodmagic:3x_crafting_soulforge",
      "a.heading": "原始意志催化剂",
      "a.recipe": "bloodmagic:soulforge/raw_catalyst",
      "b.heading": "坚毅意志催化剂",
      "b.recipe": "bloodmagic:soulforge/steadfast_catalyst",
      "c.heading": "破坏意志催化剂",
      "c.recipe": "bloodmagic:soulforge/destructive_catalyst"
    },
    {
      "type": "bloodmagic:2x_crafting_soulforge",
      "a.heading": "复仇意志催化剂",
      "a.recipe": "bloodmagic:soulforge/vengeful_catalyst",
      "b.heading": "腐蚀意志催化剂",
      "b.recipe": "bloodmagic:soulforge/corrosive_catalyst"
    },
    {
      "type": "patchouli:text",
      "text": "幸运的是，这是我们新加入的朋友，$(item)意志催化剂$()。在持有这些催化剂的1个时，对同类型的$(thing)晶簇$()按下[$(k:use)]将会使其加速成长!每种意志催化剂将成长所需意志从45减少至25，而且能将成长速度提高10倍。每一剂都能带来价值10个水晶的成长，这将使每个催化剂的净收益为200意志。"
    },
    {
      "type": "patchouli:text",
      "text": "你甚至能够在晶簇上使用双倍的催化剂 - 虽然这只能使持续效果从10次延长至20次，没有其他好处。$(br2)当然，聪明的炼金术士会发现到这只是取代问题 - 从拿剑到处追着怪物跑 - 变成了 - 拿催化剂及镐追着晶簇跑。"
    },
    {
      "type": "patchouli:text",
      "text": "幸运的是，这也有仪式能够使用!$(l:bloodmagic:rituals/ritual_list/ritual_crystal_catalyst)遗魂仪式$()将自动对范围内的晶簇使用催化剂。有了几个农场，和非常聪明设计的$(thing)路由节点$()，你能够从头到尾将整件事自动化...但正如他们所说，这是给读者留下的试炼。"
    }
  ]
}
