{
	"render_type": "cutout",
	"texture_size": [32, 32],
	"textures": {
		"1": "refinedstorage:block/portable_grid",
		"particle": "refinedstorage:block/portable_grid"
	},
	"elements": [
		{
			"from": [0, 0, 0],
			"to": [16, 5, 16],
			"faces": {
				"north": {"uv": [0, 0, 8, 2.5], "texture": "#1"},
				"east": {"uv": [0, 0, 8, 2.5], "texture": "#1"},
				"south": {"uv": [0, 0, 8, 2.5], "texture": "#1"},
				"west": {"uv": [0, 0, 8, 2.5], "texture": "#1"},
				"up": {"uv": [0, 2.5, 8, 10.5], "texture": "#1"},
				"down": {"uv": [0, 2.5, 8, 10.5], "texture": "#1"}
			}
		},
		{
			"from": [0, 5, 10],
			"to": [16, 8, 16],
			"rotation": {"angle": 0, "axis": "x", "origin": [8, 5.5, 8.5]},
			"faces": {
				"north": {"uv": [0, 2.5, 8, 4], "texture": "#1"},
				"east": {"uv": [8, 0, 11, 1.5], "texture": "#1"},
				"south": {"uv": [8, 0, 16, 1.5], "texture": "#1"},
				"west": {"uv": [13, 0, 16, 1.5], "texture": "#1"},
				"up": {"uv": [8, 6.5, 16, 9.5], "rotation": 180, "texture": "#1"}
			}
		},
		{
			"name": "hinge",
			"from": [13, 5, 7],
			"to": [15, 8, 10],
			"rotation": {"angle": 0, "axis": "y", "origin": [13, 6, 7]},
			"faces": {
				"north": {"uv": [15, 5, 16, 6.5], "texture": "#1"},
				"east": {"uv": [14.5, 5, 16, 6.5], "texture": "#1"},
				"west": {"uv": [14.5, 5, 16, 6.5], "texture": "#1"},
				"up": {"uv": [16, 5, 15, 6.5], "texture": "#1"}
			}
		},
		{
			"name": "hinge",
			"from": [1, 5, 7],
			"to": [3, 8, 10],
			"rotation": {"angle": 0, "axis": "y", "origin": [1, 6, 7]},
			"faces": {
				"north": {"uv": [16, 5, 15, 6.5], "texture": "#1"},
				"east": {"uv": [14.5, 5, 16, 6.5], "texture": "#1"},
				"west": {"uv": [14.5, 5, 16, 6.5], "texture": "#1"},
				"up": {"uv": [15, 5, 16, 6.5], "texture": "#1"}
			}
		},
		{
			"name": "keyboard",
			"from": [1, 5, 1],
			"to": [15, 6, 7],
			"rotation": {"angle": 0, "axis": "y", "origin": [1, 5, 1]},
			"faces": {
				"north": {"uv": [8.5, 10, 15.5, 10.5], "texture": "#1"},
				"east": {"uv": [8.5, 10, 9, 13], "rotation": 90, "texture": "#1"},
				"south": {"uv": [8.5, 10, 15.5, 10.5], "texture": "#1"},
				"west": {"uv": [8.5, 10, 9, 13], "rotation": 90, "texture": "#1"},
				"up": {"uv": [8.5, 10, 15.5, 13], "rotation": 180, "texture": "#1"}
			}
		},
		{
			"name": "antenna",
			"from": [2, 5, 16],
			"to": [3, 13, 17],
			"rotation": {"angle": 0, "axis": "y", "origin": [1, 7, 15]},
			"faces": {
				"north": {"uv": [0, 10.5, 0.5, 14.5], "texture": "#1"},
				"east": {"uv": [0, 10.5, 0.5, 14.5], "texture": "#1"},
				"south": {"uv": [0, 10.5, 0.5, 14.5], "texture": "#1"},
				"west": {"uv": [0, 10.5, 0.5, 14.5], "texture": "#1"},
				"up": {"uv": [0, 10.5, 0.5, 11], "texture": "#1"},
				"down": {"uv": [0, 14, 0.5, 14.5], "texture": "#1"}
			}
		},
		{
			"name": "hinge",
			"from": [3, 5, 7],
			"to": [13, 8, 10],
			"rotation": {"angle": 22.5, "axis": "x", "origin": [8, 6.5, 8.5]},
			"faces": {
				"north": {"uv": [9.5, 5, 14.5, 6.5], "texture": "#1"},
				"east": {"uv": [8, 5, 9.5, 6.5], "rotation": 270, "texture": "#1"},
				"south": {"uv": [9.5, 5, 14.5, 6.5], "texture": "#1"},
				"west": {"uv": [8, 5, 9.5, 6.5], "rotation": 270, "texture": "#1"},
				"down": {"uv": [9.5, 5, 14.5, 6.5], "texture": "#1"}
			}
		},
		{
			"from": [0.1, 8, 7],
			"to": [15.9, 15, 10],
			"rotation": {"angle": 22.5, "axis": "x", "origin": [8, 6.5, 8.5]},
			"faces": {
				"north": {"uv": [8.1, 1.5, 16, 5], "texture": "#1"},
				"east": {"uv": [11.5, 0, 8, 1.5], "rotation": 270, "texture": "#1"},
				"south": {"uv": [8, 6.5, 15.9, 10], "texture": "#1"},
				"west": {"uv": [11.5, 1.5, 8, 0], "rotation": 270, "texture": "#1"},
				"up": {"uv": [8.1, 0, 16, 1.5], "rotation": 180, "texture": "#1"},
				"down": {"uv": [8.1, 0, 16, 1.5], "rotation": 180, "texture": "#1"}
			}
		}
	],
	"display": {
		"thirdperson_righthand": {
			"rotation": [75, 135, 0],
			"translation": [0, 2.5, 0],
			"scale": [0.375, 0.375, 0.375]
		},
		"thirdperson_lefthand": {
			"rotation": [75, 135, 0],
			"translation": [0, 2.5, 0],
			"scale": [0.375, 0.375, 0.375]
		},
		"firstperson_righthand": {
			"rotation": [0, 135, 0],
			"translation": [0, 2.25, 0],
			"scale": [0.4, 0.4, 0.4]
		},
		"firstperson_lefthand": {
			"rotation": [0, 135, 0],
			"translation": [0, 2.25, 0],
			"scale": [0.4, 0.4, 0.4]
		},
		"ground": {
			"translation": [0, 3, 0],
			"scale": [0.25, 0.25, 0.25]
		},
		"gui": {
			"rotation": [30, 225, 0],
			"scale": [0.625, 0.625, 0.625]
		},
		"fixed": {
			"scale": [0.5, 0.5, 0.5]
		}
	},
	"groups": [
		{
			"name": "base",
			"origin": [10, 7, 7],
			"color": 0,
			"children": [0, 1, 2, 3, 4, 5]
		},
		{
			"name": "screen",
			"origin": [8, 8, 8],
			"color": 0,
			"children": [6, 7]
		}
	]
}