{
	"render_type": "translucent",
	"texture_size": [32, 32],
	"textures": {
		"0": "refinedstorage:block/wireless_transmitter/wireless_transmitter",
		"particle": "refinedstorage:block/wireless_transmitter/wireless_transmitter",
		"cutout": "refinedstorage:block/wireless_transmitter/cutouts/light_blue"
	},
	"elements": [
		{
			"from": [1, 1, 1],
			"to": [15, 4, 15],
			"rotation": {"angle": 0, "axis": "y", "origin": [1, 1, 1]},
			"faces": {
				"north": {"uv": [7, 7, 0, 8.5], "texture": "#0"},
				"east": {"uv": [0, 8.5, 7, 10], "texture": "#0"},
				"south": {"uv": [0, 7, 7, 8.5], "texture": "#0"},
				"west": {"uv": [0, 8.5, 7, 10], "texture": "#0"},
				"up": {"uv": [0, 0, 7, 7], "texture": "#0"},
				"down": {"uv": [0, 0, 7, 7], "texture": "#0"}
			}
		},
		{
			"from": [2, -1, 2],
			"to": [14, 1, 14],
			"rotation": {"angle": 0, "axis": "y", "origin": [2, -1, 2]},
			"faces": {
				"north": {"uv": [0.5, 10, 6.5, 11], "texture": "#0"},
				"east": {"uv": [0.5, 10, 6.5, 11], "texture": "#0"},
				"south": {"uv": [0.5, 10, 6.5, 11], "texture": "#0"},
				"west": {"uv": [0.5, 10, 6.5, 11], "texture": "#0"},
				"down": {"uv": [7, 0, 13, 6], "texture": "#0"}
			}
		},
		{
			"from": [3, 4, 3],
			"to": [7, 6, 7],
			"rotation": {"angle": 0, "axis": "y", "origin": [3, 4, 3]},
			"faces": {
				"north": {"uv": [8, 8, 10, 9], "texture": "#0"},
				"east": {"uv": [8, 8, 10, 9], "texture": "#0"},
				"south": {"uv": [8, 8, 10, 9], "texture": "#0"},
				"west": {"uv": [8, 8, 10, 9], "texture": "#0"},
				"up": {"uv": [8, 6, 10, 8], "texture": "#0"}
			}
		},
		{
			"from": [2.92, 2.42, 8.92],
			"to": [13.08, 6.58, 12.08],
			"rotation": {"angle": 0, "axis": "x", "origin": [8, 4.5, 11.5]},
			"faces": {
				"north": {"uv": [6, 12.5, 1, 14.5], "rotation": 180, "texture": "#0"},
				"east": {"uv": [4, 13, 6, 14.5], "rotation": 270, "texture": "#0"},
				"south": {"uv": [1, 11, 6, 13], "texture": "#0"},
				"west": {"uv": [1, 13, 3, 14.5], "rotation": 90, "texture": "#0"},
				"up": {"uv": [1, 13, 6, 14.5], "rotation": 180, "texture": "#0"},
				"down": {"uv": [1, 13, 6, 14.5], "texture": "#0"}
			}
		},
		{
			"name": "antenna",
			"from": [5, 3.5, 11.5],
			"to": [7, 5.5, 19.5],
			"rotation": {"angle": -22.5, "axis": "y", "origin": [6.5, 4, 11.5]},
			"faces": {
				"east": {"uv": [7, 8, 8, 12], "rotation": 270, "texture": "#0"},
				"south": {"uv": [7, 6, 8, 7], "texture": "#cutout"},
				"west": {"uv": [7, 8, 8, 12], "rotation": 90, "texture": "#0"},
				"up": {"uv": [7, 8, 8, 12], "rotation": 180, "texture": "#0"},
				"down": {"uv": [7, 8, 8, 12], "texture": "#0"}
			}
		},
		{
			"name": "light",
			"from": [5, 3.5, 19.5],
			"to": [7, 5.5, 21.5],
			"light_emission": 15,
			"rotation": {"angle": -22.5, "axis": "y", "origin": [6.5, 4, 11.5]},
			"faces": {
				"north": {"uv": [7, 6, 8, 7], "rotation": 180, "texture": "#cutout"},
				"east": {"uv": [7, 7, 8, 8], "rotation": 270, "texture": "#cutout"},
				"south": {"uv": [7, 6, 8, 7], "texture": "#cutout"},
				"west": {"uv": [7, 7, 8, 8], "rotation": 90, "texture": "#cutout"},
				"up": {"uv": [7, 7, 8, 8], "rotation": 180, "texture": "#cutout"},
				"down": {"uv": [7, 7, 8, 8], "texture": "#cutout"}
			}
		},
		{
			"name": "antenna",
			"from": [9, 3.5, 11.5],
			"to": [11, 5.5, 19.5],
			"rotation": {"angle": 22.5, "axis": "y", "origin": [9.5, 4, 11.5]},
			"faces": {
				"east": {"uv": [7, 8, 8, 12], "rotation": 270, "texture": "#0"},
				"south": {"uv": [7, 6, 8, 7], "texture": "#cutout"},
				"west": {"uv": [7, 8, 8, 12], "rotation": 90, "texture": "#0"},
				"up": {"uv": [7, 8, 8, 12], "rotation": 180, "texture": "#0"},
				"down": {"uv": [7, 8, 8, 12], "texture": "#0"}
			}
		},
		{
			"name": "light",
			"from": [9, 3.5, 19.5],
			"to": [11, 5.5, 21.5],
			"light_emission": 15,
			"rotation": {"angle": 22.5, "axis": "y", "origin": [9.5, 4, 11.5]},
			"faces": {
				"north": {"uv": [7, 6, 8, 7], "rotation": 180, "texture": "#cutout"},
				"east": {"uv": [7, 7, 8, 8], "rotation": 270, "texture": "#cutout"},
				"south": {"uv": [7, 6, 8, 7], "texture": "#cutout"},
				"west": {"uv": [7, 7, 8, 8], "rotation": 90, "texture": "#cutout"},
				"up": {"uv": [7, 7, 8, 8], "rotation": 180, "texture": "#cutout"},
				"down": {"uv": [7, 7, 8, 8], "texture": "#cutout"}
			}
		},
		{
			"from": [8.5, 6, 2.5],
			"to": [13.5, 11, 7.5],
			"light_emission": 15,
			"rotation": {"angle": 0, "axis": "y", "origin": [9, 6, 2]},
			"faces": {
				"north": {"uv": [15.5, 2.5, 13, 5], "texture": "#cutout"},
				"east": {"uv": [15.5, 2.5, 13, 5], "texture": "#cutout"},
				"south": {"uv": [13, 2.5, 15.5, 5], "texture": "#cutout"},
				"west": {"uv": [13, 2.5, 15.5, 5], "texture": "#cutout"},
				"up": {"uv": [13, 0, 15.5, 2.5], "texture": "#cutout"},
				"down": {"uv": [13, 5, 15.5, 7.5], "texture": "#cutout"}
			}
		},
		{
			"from": [9, 4, 3],
			"to": [13, 6, 7],
			"rotation": {"angle": 0, "axis": "y", "origin": [9, 4, 3]},
			"faces": {
				"north": {"uv": [8, 8, 10, 9], "texture": "#0"},
				"east": {"uv": [8, 8, 10, 9], "texture": "#0"},
				"south": {"uv": [8, 8, 10, 9], "texture": "#0"},
				"west": {"uv": [8, 8, 10, 9], "texture": "#0"},
				"up": {"uv": [8, 6, 10, 8], "texture": "#0"}
			}
		},
		{
			"from": [9.5, 6, 5],
			"to": [12.5, 10, 5],
			"rotation": {"angle": 0, "axis": "y", "origin": [10, 6, 5]},
			"faces": {
				"north": {"uv": [10, 6, 11.5, 8], "texture": "#0"},
				"south": {"uv": [10, 6, 11.5, 8], "texture": "#0"}
			}
		}
	],
	"display": {
		"thirdperson_righthand": {
			"rotation": [75, 45, 0],
			"translation": [0, 2.5, 0],
			"scale": [0.375, 0.375, 0.375]
		},
		"thirdperson_lefthand": {
			"rotation": [75, 45, 0],
			"translation": [0, 2.5, 0],
			"scale": [0.375, 0.375, 0.375]
		},
		"firstperson_righthand": {
			"rotation": [0, 45, 0],
			"scale": [0.4, 0.4, 0.4]
		},
		"firstperson_lefthand": {
			"rotation": [0, 225, 0],
			"scale": [0.4, 0.4, 0.4]
		},
		"ground": {
			"translation": [0, 3, 0],
			"scale": [0.25, 0.25, 0.25]
		},
		"gui": {
			"rotation": [30, 225, 0],
			"scale": [0.625, 0.625, 0.625]
		},
		"fixed": {
			"scale": [0.5, 0.5, 0.5]
		}
	},
	"groups": [
		{
			"name": "base",
			"origin": [2, -1, 2],
			"color": 0,
			"children": [0, 1]
		},
		{
			"name": "details",
			"origin": [8, 8, 8],
			"color": 0,
			"children": [2, 3, 4, 5, 6, 7]
		},
		{
			"name": "bulb",
			"origin": [8, 8, 8],
			"color": 0,
			"children": [8, 9, 10]
		}
	]
}