{
	"credit": "Made with Blockbench",
	"texture_size": [64, 64],
	"textures": {
		"2": "create_new_age:block/heat_pipe"
	},
	"elements": [
		{
			"from": [8.55, 6, 1],
			"to": [11.55, 10, 3],
			"rotation": {"angle": 0, "axis": "y", "origin": [8.05, 8, 2]},
			"faces": {
				"east": {"uv": [2, 3, 2.5, 4], "texture": "#2"},
				"west": {"uv": [2, 3, 2.5, 4], "texture": "#2"},
				"up": {"uv": [2.75, 3, 2, 2.5], "texture": "#2"},
				"down": {"uv": [2.75, 2.5, 2, 3], "texture": "#2"}
			}
		},
		{
			"from": [4, 5.5, 0],
			"to": [12, 10.5, 1],
			"rotation": {"angle": 0, "axis": "y", "origin": [8.05, 8, 2]},
			"faces": {
				"north": {"uv": [2, 0, 4, 1.25], "texture": "#2"},
				"east": {"uv": [2, 0, 2.25, 1.25], "texture": "#2"},
				"south": {"uv": [4, 1.25, 2, 2.5], "texture": "#2"},
				"west": {"uv": [3.75, 0, 4, 1.25], "texture": "#2"},
				"up": {"uv": [4, 0.25, 2, 0], "texture": "#2"},
				"down": {"uv": [4, 1, 2, 1.25], "texture": "#2"}
			}
		},
		{
			"from": [4, 5, 3],
			"to": [12, 11, 4],
			"rotation": {"angle": 0, "axis": "y", "origin": [8.05, 8, 2]},
			"faces": {
				"north": {"uv": [2, 7.5, 0, 9], "texture": "#2"},
				"east": {"uv": [0, 6, 0.25, 7.5], "texture": "#2"},
				"south": {"uv": [0, 6, 2, 7.5], "texture": "#2"},
				"west": {"uv": [1.75, 6, 2, 7.5], "texture": "#2"},
				"up": {"uv": [0, 6.25, 2, 6], "texture": "#2"},
				"down": {"uv": [0, 7.25, 2, 7.5], "texture": "#2"}
			}
		},
		{
			"from": [4, 7.5, 1],
			"to": [12, 8.5, 3],
			"rotation": {"angle": 0, "axis": "y", "origin": [8.05, 8, 2]},
			"faces": {
				"east": {"uv": [4, 0.5, 4.25, 0], "rotation": 90, "texture": "#2"},
				"west": {"uv": [5.75, 0, 6, 0.5], "rotation": 90, "texture": "#2"},
				"up": {"uv": [6, 0.5, 4, 0], "texture": "#2"},
				"down": {"uv": [6, 0, 4, 0.5], "texture": "#2"}
			}
		},
		{
			"from": [4.55, 6, 1],
			"to": [7.55, 10, 3],
			"rotation": {"angle": 0, "axis": "y", "origin": [8.05, 8, 2]},
			"faces": {
				"east": {"uv": [2, 3, 2.5, 4], "texture": "#2"},
				"west": {"uv": [2, 3, 2.5, 4], "texture": "#2"},
				"up": {"uv": [2.75, 3, 2, 2.5], "texture": "#2"},
				"down": {"uv": [2.75, 2.5, 2, 3], "texture": "#2"}
			}
		}
	],
	"display": {
		"thirdperson_righthand": {
			"rotation": [75, 45, 0],
			"translation": [0, 2.5, 0],
			"scale": [0.375, 0.375, 0.375]
		},
		"thirdperson_lefthand": {
			"rotation": [75, 45, 0],
			"translation": [0, 2.5, 0],
			"scale": [0.375, 0.375, 0.375]
		},
		"firstperson_righthand": {
			"rotation": [0, 45, 0],
			"scale": [0.4, 0.4, 0.4]
		},
		"firstperson_lefthand": {
			"rotation": [0, 225, 0],
			"scale": [0.4, 0.4, 0.4]
		},
		"ground": {
			"translation": [0, 3, 0],
			"scale": [0.5, 0.5, 0.5]
		},
		"gui": {
			"rotation": [30, 225, 0],
			"scale": [0.625, 0.625, 0.625]
		},
		"head": {
			"translation": [0, 3.5, 3.5]
		},
		"fixed": {
			"scale": [0.5, 0.5, 0.5]
		}
	}
}