{
	"credit": "Made with Blockbench",
	"texture_size": [64, 64],
	"textures": {
		"2": "create_new_age:block/energiser",
		"particle": "create:block/andesite_casing"
	},
	"elements": [
		{
			"name": "Top",
			"from": [0, 14, 0],
			"to": [16, 16, 16],
			"rotation": {"angle": 0, "axis": "y", "origin": [8, 9, 8]},
			"faces": {
				"north": {"uv": [0, 0, 4, 0.5], "texture": "#2"},
				"east": {"uv": [0, 0, 4, 0.5], "texture": "#2"},
				"south": {"uv": [0, 0, 4, 0.5], "texture": "#2"},
				"west": {"uv": [0, 0, 4, 0.5], "texture": "#2"},
				"up": {"uv": [4, 4, 0, 0], "texture": "#2"},
				"down": {"uv": [4, 0, 0, 4], "texture": "#2"}
			}
		},
		{
			"name": "Top",
			"from": [14, 2, 2],
			"to": [16, 4, 14],
			"rotation": {"angle": 0, "axis": "y", "origin": [8, 9, 8]},
			"faces": {
				"east": {"uv": [0.5, 3.5, 3.5, 4], "texture": "#2"},
				"west": {"uv": [0.5, 3.5, 3.5, 4], "texture": "#2"},
				"up": {"uv": [0.5, 3.5, 0, 0.5], "texture": "#2"},
				"down": {"uv": [0.5, 0.5, 0, 3.5], "texture": "#2"}
			}
		},
		{
			"name": "Top",
			"from": [0, 2, 2],
			"to": [2, 4, 14],
			"rotation": {"angle": 0, "axis": "y", "origin": [-6, 9, 8]},
			"faces": {
				"east": {"uv": [0.5, 3.5, 3.5, 4], "texture": "#2"},
				"west": {"uv": [0.5, 3.5, 3.5, 4], "texture": "#2"},
				"up": {"uv": [4, 3.5, 3.5, 0.5], "texture": "#2"},
				"down": {"uv": [4, 0.5, 3.5, 3.5], "texture": "#2"}
			}
		},
		{
			"name": "Top",
			"from": [1, 8, 2],
			"to": [2, 10, 14],
			"rotation": {"angle": 0, "axis": "y", "origin": [8, 9, 8]},
			"faces": {
				"west": {"uv": [0.5, 0.5, 3.5, 0], "texture": "#2"},
				"up": {"uv": [0.5, 0.5, 3.5, 0.25], "rotation": 90, "texture": "#2"},
				"down": {"uv": [3.5, 0.25, 0.5, 0], "rotation": 90, "texture": "#2"}
			}
		},
		{
			"name": "Top",
			"from": [14, 8, 2],
			"to": [15, 10, 14],
			"rotation": {"angle": 0, "axis": "y", "origin": [8, 9, 8]},
			"faces": {
				"east": {"uv": [0.5, 0.5, 3.5, 0], "texture": "#2"},
				"up": {"uv": [3.5, 0.5, 0.5, 0.25], "rotation": 90, "texture": "#2"},
				"down": {"uv": [0.5, 0.25, 3.5, 0], "rotation": 90, "texture": "#2"}
			}
		},
		{
			"name": "Core",
			"from": [2, 3, 1],
			"to": [14, 14, 15],
			"rotation": {"angle": 0, "axis": "y", "origin": [8, 9, 8]},
			"faces": {
				"north": {"uv": [7, 0, 10, 2.75], "texture": "#2"},
				"east": {"uv": [3.75, 0, 7.25, 2.75], "texture": "#2"},
				"south": {"uv": [7, 0, 10, 2.75], "texture": "#2"},
				"west": {"uv": [3.75, 0, 7.25, 2.75], "texture": "#2"},
				"down": {"uv": [10, 3, 13.5, 0], "rotation": 90, "texture": "#2"}
			}
		},
		{
			"name": "Side",
			"from": [0, 2, 0],
			"to": [2, 14, 2],
			"rotation": {"angle": 0, "axis": "y", "origin": [8, 9, 8]},
			"faces": {
				"north": {"uv": [3.5, 1, 4, 4], "texture": "#2"},
				"east": {"uv": [3.5, 1, 4, 4], "texture": "#2"},
				"south": {"uv": [0, 1, 0.5, 4], "texture": "#2"},
				"west": {"uv": [0, 1, 0.5, 4], "texture": "#2"},
				"down": {"uv": [0, 3.5, 0.5, 4], "texture": "#2"}
			}
		},
		{
			"name": "Side",
			"from": [14, 2, 14],
			"to": [16, 14, 16],
			"rotation": {"angle": 0, "axis": "y", "origin": [8, 9, 8]},
			"faces": {
				"north": {"uv": [0, 1, 0.5, 4], "texture": "#2"},
				"east": {"uv": [0, 1, 0.5, 4], "texture": "#2"},
				"south": {"uv": [3.5, 1, 4, 4], "texture": "#2"},
				"west": {"uv": [3.5, 1, 4, 4], "texture": "#2"},
				"down": {"uv": [3.5, 0, 4, 0.5], "texture": "#2"}
			}
		},
		{
			"name": "Side",
			"from": [14, 2, 0],
			"to": [16, 14, 2],
			"rotation": {"angle": 0, "axis": "y", "origin": [8, 9, 8]},
			"faces": {
				"north": {"uv": [0, 1, 0.5, 4], "texture": "#2"},
				"east": {"uv": [3.5, 1, 4, 4], "texture": "#2"},
				"south": {"uv": [3.5, 1, 4, 4], "texture": "#2"},
				"west": {"uv": [0, 1, 0.5, 4], "texture": "#2"},
				"down": {"uv": [3.5, 3.5, 4, 4], "texture": "#2"}
			}
		},
		{
			"name": "Side",
			"from": [0, 2, 14],
			"to": [2, 14, 16],
			"rotation": {"angle": 0, "axis": "y", "origin": [8, 9, 8]},
			"faces": {
				"north": {"uv": [3.5, 1, 4, 4], "texture": "#2"},
				"east": {"uv": [0, 1, 0.5, 4], "texture": "#2"},
				"south": {"uv": [0, 1, 0.5, 4], "texture": "#2"},
				"west": {"uv": [3.5, 1, 4, 4], "texture": "#2"},
				"down": {"uv": [0, 0, 0.5, 0.5], "texture": "#2"}
			}
		},
		{
			"from": [13.5, 10.5, 6],
			"to": [15.5, 12.5, 8],
			"rotation": {"angle": 0, "axis": "y", "origin": [-0.5, -0.5, 1]},
			"faces": {
				"north": {"uv": [4, 3, 4.5, 3.5], "texture": "#2"},
				"east": {"uv": [4, 2.5, 4.5, 3], "texture": "#2"},
				"south": {"uv": [5, 2.5, 4.5, 3], "texture": "#2"},
				"west": {"uv": [4, 2.5, 4.5, 3], "texture": "#2"},
				"up": {"uv": [5, 3, 4.5, 2.5], "texture": "#2"},
				"down": {"uv": [4, 3, 4.5, 3.5], "texture": "#2"}
			}
		},
		{
			"from": [13.5, 4.5, 11],
			"to": [15.5, 6.5, 13],
			"rotation": {"angle": 0, "axis": "y", "origin": [-0.5, -0.5, 1]},
			"faces": {
				"north": {"uv": [4.5, 2.5, 5, 3], "texture": "#2"},
				"east": {"uv": [4, 2.5, 4.5, 3], "texture": "#2"},
				"south": {"uv": [5, 2.5, 4.5, 3], "texture": "#2"},
				"west": {"uv": [4, 2.5, 4.5, 3], "texture": "#2"},
				"up": {"uv": [5, 3, 4.5, 2.5], "texture": "#2"},
				"down": {"uv": [4, 3, 4.5, 3.5], "texture": "#2"}
			}
		},
		{
			"from": [14, 11, 5],
			"to": [15, 12, 6],
			"rotation": {"angle": 0, "axis": "y", "origin": [0, -0.5, 1]},
			"faces": {
				"north": {"uv": [4.25, 2.5, 4.5, 2.75], "texture": "#2"},
				"east": {"uv": [4, 2.5, 4.25, 2.75], "texture": "#2"},
				"south": {"uv": [4.25, 2.5, 4.5, 2.75], "texture": "#2"},
				"west": {"uv": [4.25, 2.5, 4.5, 2.75], "texture": "#2"},
				"up": {"uv": [4.25, 2.5, 4.5, 2.75], "texture": "#2"},
				"down": {"uv": [4.25, 2.75, 4.5, 3], "texture": "#2"}
			}
		},
		{
			"from": [0.5, 5, 3],
			"to": [2.5, 7, 5],
			"rotation": {"angle": 0, "axis": "y", "origin": [0.5, 0, 0]},
			"faces": {
				"north": {"uv": [5, 2.5, 4.5, 3], "texture": "#2"},
				"east": {"uv": [4, 2.5, 4.5, 3], "texture": "#2"},
				"south": {"uv": [4.5, 2.5, 5, 3], "texture": "#2"},
				"west": {"uv": [4, 2.5, 4.5, 3], "texture": "#2"},
				"up": {"uv": [4.5, 2.5, 5, 3], "texture": "#2"},
				"down": {"uv": [4, 3.5, 4.5, 3], "texture": "#2"}
			}
		},
		{
			"from": [0.5, 5, 5.5],
			"to": [2.5, 7, 7.5],
			"rotation": {"angle": 0, "axis": "y", "origin": [0.5, 0, -0.5]},
			"faces": {
				"north": {"uv": [5, 2.5, 4.5, 3], "texture": "#2"},
				"east": {"uv": [4, 2.5, 4.5, 3], "texture": "#2"},
				"south": {"uv": [4.5, 2.5, 5, 3], "texture": "#2"},
				"west": {"uv": [4, 2.5, 4.5, 3], "texture": "#2"},
				"up": {"uv": [4.5, 2.5, 5, 3], "texture": "#2"},
				"down": {"uv": [4, 3.5, 4.5, 3], "texture": "#2"}
			}
		},
		{
			"from": [14.25, 5, 3],
			"to": [14.25, 6, 11],
			"rotation": {"angle": 0, "axis": "y", "origin": [-1.75, 1, 0]},
			"faces": {
				"east": {"uv": [3.75, 6, 5.75, 6.25], "texture": "#2"},
				"west": {"uv": [3.75, 6, 5.75, 6.25], "texture": "#2"}
			}
		},
		{
			"from": [14.25, 5, 3],
			"to": [14.25, 12, 4],
			"rotation": {"angle": 0, "axis": "y", "origin": [-1.75, 1, 0]},
			"faces": {
				"east": {"uv": [5.5, 4.5, 5.75, 6.25], "texture": "#2"},
				"west": {"uv": [5.5, 4.5, 5.75, 6.25], "texture": "#2"}
			}
		},
		{
			"from": [14.25, 11, 4],
			"to": [14.25, 12, 5],
			"rotation": {"angle": 0, "axis": "y", "origin": [-1.75, 7, 1]},
			"faces": {
				"east": {"uv": [5.25, 4.5, 5.5, 4.75], "texture": "#2"},
				"west": {"uv": [5.25, 4.5, 5.5, 4.75], "texture": "#2"}
			}
		},
		{
			"from": [14.25, 6, 11],
			"to": [14.25, 14, 13],
			"rotation": {"angle": 0, "axis": "y", "origin": [-1.75, 2, 8]},
			"faces": {
				"east": {"uv": [3.25, 4, 3.75, 6], "texture": "#2"},
				"west": {"uv": [3.25, 4, 3.75, 6], "texture": "#2"}
			}
		},
		{
			"from": [1.75, 7, 8],
			"to": [1.75, 14, 9],
			"rotation": {"angle": 0, "axis": "y", "origin": [-14.25, 3, 5]},
			"faces": {
				"east": {"uv": [1.5, 4, 1.75, 5.75], "texture": "#2"},
				"west": {"uv": [1.5, 4, 1.75, 5.75], "texture": "#2"}
			}
		},
		{
			"from": [1.75, 4, 12],
			"to": [1.75, 11, 13],
			"rotation": {"angle": 0, "axis": "y", "origin": [-14.25, 0, 9]},
			"faces": {
				"east": {"uv": [2.5, 4.75, 2.75, 6.5], "texture": "#2"},
				"west": {"uv": [2.5, 4.75, 2.75, 6.5], "texture": "#2"}
			}
		},
		{
			"from": [1.75, 6, 8],
			"to": [1.75, 7, 11],
			"rotation": {"angle": 0, "axis": "y", "origin": [-14.25, 2, 5]},
			"faces": {
				"east": {"uv": [1.5, 5.75, 2.25, 6], "texture": "#2"},
				"west": {"uv": [1.5, 5.75, 2.25, 6], "texture": "#2"}
			}
		},
		{
			"from": [1.75, 11, 10],
			"to": [1.75, 12, 13],
			"rotation": {"angle": 0, "axis": "y", "origin": [-14.25, 7, 7]},
			"faces": {
				"east": {"uv": [2, 4.5, 2.75, 4.75], "texture": "#2"},
				"west": {"uv": [2, 4.5, 2.75, 4.75], "texture": "#2"}
			}
		},
		{
			"from": [1.75, 12, 10],
			"to": [1.75, 14, 11],
			"rotation": {"angle": 0, "axis": "y", "origin": [-14.25, 8, 7]},
			"faces": {
				"east": {"uv": [2, 4, 2.25, 4.5], "texture": "#2"},
				"west": {"uv": [2, 4, 2.25, 4.5], "texture": "#2"}
			}
		},
		{
			"from": [1.75, 4, 10],
			"to": [1.75, 6, 11],
			"rotation": {"angle": 0, "axis": "y", "origin": [-14.25, 0, 7]},
			"faces": {
				"east": {"uv": [2, 6, 2.25, 6.5], "texture": "#2"},
				"west": {"uv": [2, 6, 2.25, 6.5], "texture": "#2"}
			}
		},
		{
			"name": "Tesla Base",
			"from": [6, -1, 6],
			"to": [10, 3, 10],
			"rotation": {"angle": 0, "axis": "y", "origin": [8, 1.5, 8]},
			"faces": {
				"north": {"uv": [13.5, 2.75, 14.5, 1.75], "texture": "#2"},
				"east": {"uv": [13.5, 2.75, 14.5, 1.75], "texture": "#2"},
				"south": {"uv": [13.5, 2.75, 14.5, 1.75], "texture": "#2"},
				"west": {"uv": [13.5, 2.75, 14.5, 1.75], "texture": "#2"},
				"down": {"uv": [13.5, 1.75, 14.5, 2.75], "texture": "#2"}
			}
		},
		{
			"name": "Tesla Base",
			"from": [5, 0, 7],
			"to": [11, 3, 9],
			"rotation": {"angle": 0, "axis": "y", "origin": [8, 1.5, 8]},
			"faces": {
				"north": {"uv": [14, 1.75, 13.5, 1], "texture": "#2"},
				"east": {"uv": [13.5, 1.75, 14, 1], "texture": "#2"},
				"south": {"uv": [14, 1.75, 13.5, 1], "texture": "#2"},
				"west": {"uv": [13.5, 1.75, 14, 1], "texture": "#2"},
				"down": {"uv": [15, 1.75, 13.5, 1.25], "texture": "#2"}
			}
		},
		{
			"name": "Tesla Base",
			"from": [7, 0, 5],
			"to": [9, 3, 11],
			"rotation": {"angle": 0, "axis": "y", "origin": [8, 1.5, 8]},
			"faces": {
				"north": {"uv": [14, 1.75, 13.5, 1], "texture": "#2"},
				"east": {"uv": [13.5, 1.75, 15, 1], "texture": "#2"},
				"south": {"uv": [14, 1.75, 13.5, 1], "texture": "#2"},
				"west": {"uv": [13.5, 1.75, 15, 1], "texture": "#2"},
				"down": {"uv": [15, 1.75, 13.5, 1.25], "rotation": 90, "texture": "#2"}
			}
		},
		{
			"name": "Tesla Base",
			"from": [5.5, -2, 5.5],
			"to": [10.5, -1, 10.5],
			"rotation": {"angle": 0, "axis": "y", "origin": [8, 1.5, 7.75]},
			"faces": {
				"north": {"uv": [14.5, 1.75, 15.75, 2], "texture": "#2"},
				"east": {"uv": [14.5, 1.75, 14.75, 3], "rotation": 90, "texture": "#2"},
				"south": {"uv": [14.5, 2.75, 15.75, 3], "texture": "#2"},
				"west": {"uv": [15.5, 3, 15.75, 1.75], "rotation": 90, "texture": "#2"},
				"up": {"uv": [15.75, 3, 14.5, 1.75], "texture": "#2"},
				"down": {"uv": [15.75, 3, 14.5, 1.75], "texture": "#2"}
			}
		},
		{
			"from": [6, -6.95, 6],
			"to": [10, -3.95, 10],
			"rotation": {"angle": 0, "axis": "y", "origin": [0, -0.75, 0]},
			"faces": {
				"north": {"uv": [13.5, 0.25, 14.5, 1], "rotation": 180, "texture": "#2"},
				"east": {"uv": [13.5, 0.25, 14.5, 1], "rotation": 180, "texture": "#2"},
				"south": {"uv": [13.5, 0.25, 14.5, 1], "rotation": 180, "texture": "#2"},
				"west": {"uv": [13.5, 0.25, 14.5, 1], "rotation": 180, "texture": "#2"},
				"up": {"uv": [14.5, 1, 13.5, 0], "texture": "#2"},
				"down": {"uv": [14.5, 0, 13.5, 1], "texture": "#2"}
			}
		},
		{
			"from": [5, -6.875, 7],
			"to": [5, -4.875, 9],
			"rotation": {"angle": -45, "axis": "y", "origin": [8, -6.375, 8]},
			"faces": {
				"east": {"uv": [5, 3, 5.5, 2.5], "rotation": 270, "texture": "#2"},
				"west": {"uv": [5, 2.5, 5.5, 3], "rotation": 270, "texture": "#2"},
				"down": {"uv": [6.5, 2.5, 5, 3], "rotation": 180, "texture": "#2"}
			}
		},
		{
			"from": [11, -6.875, 7],
			"to": [11, -4.875, 9],
			"rotation": {"angle": -45, "axis": "y", "origin": [8, -6.375, 8]},
			"faces": {
				"east": {"uv": [6, 2.5, 6.5, 3], "rotation": 90, "texture": "#2"},
				"west": {"uv": [6, 3, 6.5, 2.5], "rotation": 90, "texture": "#2"},
				"down": {"uv": [6.5, 2.5, 5, 3], "rotation": 180, "texture": "#2"}
			}
		},
		{
			"from": [5, -6.875, 7],
			"to": [11, -6.875, 9],
			"rotation": {"angle": -45, "axis": "y", "origin": [8, -6.375, 8]},
			"faces": {
				"east": {"uv": [6, 2.5, 6.5, 3], "rotation": 270, "texture": "#2"},
				"west": {"uv": [5, 2.5, 5.5, 3], "rotation": 90, "texture": "#2"},
				"up": {"uv": [6.5, 3, 5, 2.5], "rotation": 180, "texture": "#2"},
				"down": {"uv": [5, 3, 6.5, 2.5], "texture": "#2"}
			}
		},
		{
			"from": [7, -6.875, 11],
			"to": [9, -4.875, 11],
			"rotation": {"angle": -45, "axis": "y", "origin": [8, -6.375, 8]},
			"faces": {
				"north": {"uv": [5, 3, 5.5, 2.5], "rotation": 270, "texture": "#2"},
				"south": {"uv": [5, 2.5, 5.5, 3], "rotation": 270, "texture": "#2"},
				"down": {"uv": [6.5, 2.5, 5, 3], "rotation": 270, "texture": "#2"}
			}
		},
		{
			"from": [7, -6.875, 5],
			"to": [9, -4.875, 5],
			"rotation": {"angle": -45, "axis": "y", "origin": [8, -6.375, 8]},
			"faces": {
				"north": {"uv": [6, 2.5, 6.5, 3], "rotation": 90, "texture": "#2"},
				"south": {"uv": [6, 3, 6.5, 2.5], "rotation": 90, "texture": "#2"},
				"down": {"uv": [6.5, 2.5, 5, 3], "rotation": 270, "texture": "#2"}
			}
		},
		{
			"from": [7, -6.875, 5],
			"to": [9, -6.875, 11],
			"rotation": {"angle": -45, "axis": "y", "origin": [8, -6.375, 8]},
			"faces": {
				"north": {"uv": [6, 2.5, 6.5, 3], "rotation": 270, "texture": "#2"},
				"south": {"uv": [5, 2.5, 5.5, 3], "rotation": 90, "texture": "#2"},
				"up": {"uv": [6.5, 3, 5, 2.5], "rotation": 90, "texture": "#2"},
				"down": {"uv": [5, 3, 6.5, 2.5], "rotation": 90, "texture": "#2"}
			}
		},
		{
			"from": [5, -6.85, 7],
			"to": [5, -4.85, 9],
			"rotation": {"angle": 0, "axis": "y", "origin": [8, -6.35, 8]},
			"faces": {
				"east": {"uv": [5, 3, 5.5, 2.5], "rotation": 270, "texture": "#2"},
				"west": {"uv": [5, 2.5, 5.5, 3], "rotation": 270, "texture": "#2"},
				"down": {"uv": [6.5, 2.5, 5, 3], "rotation": 180, "texture": "#2"}
			}
		},
		{
			"from": [11, -6.85, 7],
			"to": [11, -4.85, 9],
			"rotation": {"angle": 0, "axis": "y", "origin": [8, -6.35, 8]},
			"faces": {
				"east": {"uv": [6, 2.5, 6.5, 3], "rotation": 90, "texture": "#2"},
				"west": {"uv": [6, 3, 6.5, 2.5], "rotation": 90, "texture": "#2"},
				"down": {"uv": [6.5, 2.5, 5, 3], "rotation": 180, "texture": "#2"}
			}
		},
		{
			"from": [5, -6.85, 7],
			"to": [11, -6.85, 9],
			"rotation": {"angle": 0, "axis": "y", "origin": [8, -6.35, 8]},
			"faces": {
				"east": {"uv": [6, 2.5, 6.5, 3], "rotation": 270, "texture": "#2"},
				"west": {"uv": [5, 2.5, 5.5, 3], "rotation": 90, "texture": "#2"},
				"up": {"uv": [6.5, 3, 5, 2.5], "rotation": 180, "texture": "#2"},
				"down": {"uv": [5, 3, 6.5, 2.5], "texture": "#2"}
			}
		},
		{
			"from": [7, -6.85, 5],
			"to": [9, -6.85, 11],
			"rotation": {"angle": 0, "axis": "z", "origin": [8, -6.85, 8]},
			"faces": {
				"north": {"uv": [5, 2.5, 5.5, 3], "rotation": 90, "texture": "#2"},
				"south": {"uv": [6, 2.5, 6.5, 3], "rotation": 270, "texture": "#2"},
				"up": {"uv": [6.5, 3, 5, 2.5], "rotation": 270, "texture": "#2"},
				"down": {"uv": [5, 3, 6.5, 2.5], "rotation": 270, "texture": "#2"}
			}
		},
		{
			"from": [7, -6.85, 11],
			"to": [9, -4.85, 11],
			"rotation": {"angle": 0, "axis": "y", "origin": [8, -5.85, 11]},
			"faces": {
				"north": {"uv": [6, 3, 6.5, 2.5], "rotation": 90, "texture": "#2"},
				"south": {"uv": [6, 2.5, 6.5, 3], "rotation": 90, "texture": "#2"},
				"down": {"uv": [6.5, 2.5, 5, 3], "rotation": 90, "texture": "#2"}
			}
		},
		{
			"from": [7, -6.85, 5],
			"to": [9, -4.85, 5],
			"rotation": {"angle": 0, "axis": "y", "origin": [8, -5.85, 2]},
			"faces": {
				"north": {"uv": [5, 2.5, 5.5, 3], "rotation": 270, "texture": "#2"},
				"south": {"uv": [5, 3, 5.5, 2.5], "rotation": 270, "texture": "#2"},
				"down": {"uv": [6.5, 2.5, 5, 3], "rotation": 90, "texture": "#2"}
			}
		},
		{
			"from": [7, -4, 7],
			"to": [9, -2, 9],
			"rotation": {"angle": 0, "axis": "y", "origin": [8, 1, 8]},
			"faces": {
				"north": {"uv": [14.5, 0.5, 15, 0], "texture": "#2"},
				"east": {"uv": [15, 1, 14.5, 0.5], "texture": "#2"},
				"south": {"uv": [14.5, 0.5, 15, 0], "texture": "#2"},
				"west": {"uv": [15, 1, 14.5, 0.5], "texture": "#2"},
				"up": {"uv": [14, 9, 13.5, 8.5], "texture": "#2"},
				"down": {"uv": [14, 13.25, 13.5, 13.75], "texture": "#2"}
			}
		}
	],
	"display": {
		"thirdperson_righthand": {
			"rotation": [-180, 160, 21],
			"translation": [0.75, 2.5, -1.25],
			"scale": [0.375, 0.375, 0.375]
		},
		"thirdperson_lefthand": {
			"rotation": [75, 45, 0],
			"translation": [0, 2.5, 0],
			"scale": [0.375, 0.375, 0.375]
		},
		"firstperson_righthand": {
			"rotation": [0, 45, 0],
			"translation": [3.25, 3.5, 0],
			"scale": [0.3, 0.3, 0.3]
		},
		"firstperson_lefthand": {
			"rotation": [0, 45, 0],
			"translation": [3.25, 3.5, 0],
			"scale": [0.3, 0.3, 0.3]
		},
		"ground": {
			"translation": [0, 3, 0],
			"scale": [0.25, 0.25, 0.25]
		},
		"gui": {
			"rotation": [30, 225, 0],
			"translation": [0, 1.25, 0],
			"scale": [0.5, 0.5, 0.5]
		},
		"head": {
			"rotation": [180, 0, 0],
			"scale": [0.91, 0.91, 0.91]
		},
		"fixed": {
			"scale": [0.5, 0.5, 0.5]
		}
	},
	"groups": [
		{
			"name": "block",
			"origin": [8, 8, 8],
			"color": 0,
			"children": [0, 1, 2, 3, 4, 5, 6, 7, 8, 9, 10, 11, 12, 13, 14, 15, 16, 17, 18, 19, 20, 21, 22, 23, 24]
		},
		{
			"name": "energiser",
			"origin": [8, 8, 8],
			"color": 0,
			"children": [
				25,
				26,
				27,
				28,
				{
					"name": "group",
					"origin": [8, 2, 8],
					"color": 0,
					"children": [29, 30, 31, 32, 33, 34, 35, 36, 37, 38, 39, 40, 41, 42]
				}
			]
		}
	]
}