{
  "name": "幽灵之眼",
  "icon": "minecraft:glowstone_dust",
  "category": "bloodmagic:alchemy_table/potion_flasks/blood_magic",
  "pages": [
    {
      "type": "patchouli:text",
      "text": "$(thing)幽灵之眼$()会点亮附近的生物，就象它们拥有发光效果一样。基本范围是24格方块，更高的等级将每级增加32格。$(br2)由$(l:bloodmagic:alchemy_table/potion_flasks/vanilla/night_vision)夜视$()效果药水所制作。"
    },
    {
      "type": "bloodmagic:3x_crafting_flask",
      "a.heading": "幽灵之眼 (3:00)",
      "a.recipe": "bloodmagic:flask/night_to_spectral",
      "b.heading": "幽灵之眼 (8:00)",
      "b.recipe": "bloodmagic:flask/length_spectral_sight",
      "c.heading": "幽灵之眼 II (1:30)",
      "c.recipe": "bloodmagic:flask/potency_spectral_sight"
    },
    {
      "type": "patchouli:text",
      "text": "添加$(l:bloodmagic:alchemy_table/potions#average_potions)标准催化剂$()可以更进一步提升效果。"
    },
    {
      "type": "bloodmagic:2x_crafting_flask",
      "a.heading": "幽灵之眼 III (0:45)",
      "a.recipe": "bloodmagic:flask/potency_average_spectral_sight",
      "b.heading": "幽灵之眼 (21:20)",
      "b.recipe": "bloodmagic:flask/length_average_spectral_sight"
    }
  ]
}
