{
  "name": "牺牲符文",
  "icon": "bloodmagic:selfsacrificerune",
  "category": "bloodmagic:altar/blood_rune",
  "pages": [
    {
      "type": "patchouli:text",
      "text": "$(item)牺牲符文$()能够增加透过玩家采集的$(blood)生命精华$()产量，每一颗额外+10%。"
    },
    {
      "type": "patchouli:crafting",
      "recipe": "bloodmagic:blood_rune_self_sacrifice"
    },
    {
      "type": "patchouli:crafting",
      "recipe": "bloodmagic:blood_rune_self_sac_2",
      "text":"有了一些$(item)远古遗骸$()和一点从$(l:bloodmagic:dungeons/endless_realm)魔域$()掠夺来的$(item)精密狱火锻造组件$()，将能够让$(item)牺牲符文$()的能力加倍，每一颗牺牲符文能够使产量+20%。"
    },
    {
      "type": "bloodmagic:crafting_arc",
      "recipe": "bloodmagic:arc/reversion/self_sac",
      "text":"如果你改变主意，你可以在炼金术反应室改变配方。"
    }
  ]
}
