{
  "name": "聚圆仪式",
  "icon": "minecraft:bucket",
  "category": "bloodmagic:rituals/ritual_list",
  "pages": [
    {
      "type": "multiblock",
      "name": "聚圆仪式",
      "multiblock_id": "bloodmagic:ellipsoid",
      "text": "使用$(l:bloodmagic:rituals/ritual_diviner#dusk)仪式占卜杖 [薄暮]$(/l)以方便建造。"
    },
    {
      "type": "bloodmagic:ritual_info",
      "ritual": "ellipsoid"
    },
    {
      "type": "patchouli:text",
      "text": "这个仪式在本质上是纯粹的审美观，是为了在我们每个人心中萌芽，但又懒惰的人所设计的。它特别适合用于设计复杂的型状，例如在你的邪恶基地上方的强大金色圆顶...你确实有对吧?"
    },
	{
	  "type": "bloodmagic:ritual_data",
	  "ritual": "ellipsoid",
	  "page_type": "chest"
	},
	{
	  "type": "bloodmagic:ritual_data",
	  "ritual": "ellipsoid",
	  "page_type": "spheroidRange"
	}
  ]
}
