{
  "name": "无尽之路仪式",
  "icon": "bloodmagic:ingot_hellforged",
  "category": "bloodmagic:rituals/ritual_list",
  "pages": [
    {
      "type": "multiblock",
      "name": "无尽之路仪式",
      "multiblock_id": "bloodmagic:standard_dungeon",
      "text": "使用$(l:bloodmagic:rituals/ritual_diviner#dusk)仪式占卜杖 [薄暮]$(/l)以方便建造。"
    },
    {
      "type": "bloodmagic:ritual_info",
      "ritual": "standard_dungeon",
      "text_overrides": [
        ["Demon Realm", "thing"]
      ],
      "text": "请注意，魔域非常危险，请做好万全准备!"
    }
  ]
}
