{
  "name": "先知印记",
  "icon": "bloodmagic:seersigil",
  "category": "bloodmagic:alchemy_array/sigil",
  "pages": [
    {
      "type": "patchouli:text",
      "text": "$(item)先知印记是$(l:bloodmagic:alchemy_array/sigil/divination)占卜印记的高端版本$()。除了显示绑定玩家的LP量以外，还能够显示$(l:bloodmagic:altar/blood_altar)血祭坛$(/l)的$(l:bloodmagic:altar/soul_network)灵魂网络$(/l)。$(br2)象是$(item)占卜印记$()，它也可以用来编辑GUI。(更多信息请看占卜印记页面)"
    },
    {
      "type": "bloodmagic:crafting_2-step_sigil",
      "alchemy_table.heading": "先知试剂",
      "alchemy_table.recipe": "bloodmagic:alchemytable/reagent_sight",
      "array.heading": "先知印记",
      "array.recipe": "bloodmagic:array/seersigil",
      "array.text": "$(italic)当看到的一切都不够时。"
    },
    {
      "type": "patchouli:text",
      "text": "从上到下，拥有:$(li)当前的$(l:bloodmagic:altar/blood_altar)血祭坛$(/l)阶级。 $(li)祭坛内的血量，以及祭坛内的总容量。 (预设为10,000mb，但能够透过以下方式增加$(l:bloodmagic:altar/blood_rune/capacity_rune)增容仪式$()以及$(l:bloodmagic:altar/blood_rune/aug_capacity_rune)超容仪式。$() $(li)当前的制作进度，如果有的话。 $(li)LP消耗/Tick -祭坛在制作时将每Tick使用多少LP。 $(li) 当前拥有的$(l:bloodmagic:altar/blood_rune/charging_rune)充能符文$()储存量。"
    },
    {
      "type": "patchouli:image",
      "images": [
        "bloodmagic:images/entries/sigil/seer_sigil_info.png"
      ],
      "title": "先知印记显示",
      "border": true,
      "text": "当看着血祭坛时，将显示这个HUD。"
    }
  ]
}