{
  "name": "虚无印记",
  "icon": "bloodmagic:voidsigil",
  "category": "bloodmagic:alchemy_array/sigil",
  "pages": [
    {
      "type": "patchouli:text",
      "text": "$(item)虚无印记$()，当看向任何液体时按下[$(k:use)]将以每块50 lp的代价销毁它。很适合清理烦人的岩浆，而不需要那些繁琐的放置，破坏方块。"
    },
    {
      "type": "bloodmagic:crafting_2-step_sigil",
      "alchemy_table.heading": "虚无试剂",
      "alchemy_table.recipe": "bloodmagic:alchemytable/reagent_void",
      "array.heading": "虚无印记",
      "array.recipe": "bloodmagic:array/voidsigil",
      "array.text": "$(italic)比扫地机器人更好\u00AE!"
    }
  ]
}
