{
  "name": "感知之剑",
  "icon": "bloodmagic:soulsword",
  "category": "bloodmagic:demon_will/demonic_items",
  "pages": [
    {
      "type": "patchouli:text",
      "text": "$(item)感知之剑$()是一种搜集$(l:bloodmagic:demon_will/will_manipulation/demon_will)恶魔意志$()比$(l:bloodmagic:demon_will/will_manipulation/soul_snare)灵魂掠夺者$()还要有效的工具。起初可能看起来很弱，但它是由你携带的意志提供力量，所以制作一个$(l:bloodmagic:demon_will/will_manipulation/soul_gem)下界魂石$()是必要的。 $(br2)请注意，这把剑和所有的$(l:bloodmagic:demon_will/demonic_items/sentient_tools)感知工具$()相同，能在铁砧上使用$(l:bloodmagic:demon_will/will_manipulation/crystallized_will)意志水晶$()进行修复。"
    },
    {
      "type": "bloodmagic:crafting_soulforge",
      "heading": "感知之剑",
      "recipe": "bloodmagic:soulforge/sentientsword",
      "text": "这把剑将为你提供良好的服务。$(br2)请注意，你可以在装备这把剑时透过按下[$(k:use)]更新剑的状态-如果你获得了大量的$(raw)意志$()，或是第一次使用它时。"
    }
  ]
}
