{
  "name": "模块物品过滤器",
  "icon": "bloodmagic:itemrouterfiltermoditems",
  "category": "bloodmagic:demon_will/item_routing",
  "pages":[
    {
      "type": "patchouli:text",
      "text": "$(item)模块物品过滤器$()让你选择9个来自不同模块的物品。就象$(l:bloodmagic:demon_will/item_routing/standard_item_filter)标准物品过滤器$()，拥有一个数量选择器，和允许/拒绝的功能。将数量留空，缺省为＂全部＂。$(br2)对于你放到这个过滤器的$(thing)任何物品$()只要为同一模块都将匹配。"
    },
    {
      "type": "bloodmagic:crafting_alchemy_table",
      "heading": "模块物品过滤器",
      "recipe": "bloodmagic:alchemytable/mod_router_filter",
      "text": "使你能够允许或拒绝所有来自该模块的物品。方便将你所有的$(blood)Blood Magic$()物品放到你的超级特别储物箱,随便举个例子。"
    }
  ]
}
