{
  "name": "标准物品过滤器",
  "icon": "bloodmagic:itemrouterfilterexact",
  "category": "bloodmagic:demon_will/item_routing",
  "pages":[
    {
      "type": "patchouli:text",
      "text": "在$(l:bloodmagic:demon_will/item_routing/routing_nodes)路由节点$()中插入标准物品过滤器，能够让你选择多达9种物品，从相邻的保存空间中输入，或输出。 $(br2)每个物品都有一个数量 - 将数量留空，缺省为＂全部＂。$(br2)过滤器也有允许和拒绝的功能，在拒绝模式下，数量将会被忽略。"
    },
    {
      "type": "bloodmagic:crafting_alchemy_table",
      "heading": "标准物品过滤器",
      "recipe": "bloodmagic:alchemytable/router_filter",
      "text": "$(br)当使用在$(item)输入路由节点$()时，数量告诉节点要在指定的空间中留下多少物品。超过这个数字的物品将被输入至网络。"
    },
    {
      "type": "patchouli:text",
      "text": "当使用在$(item)输出路由节点$()时，数量告诉节点用多少物品来填充指定的空间。任何超过这个数量的物品将被留在网络 - 或被转移到另一个有效的空间中。"
    },
    {
      "type": "patchouli:image",
      "images": [
        "bloodmagic:images/entries/routing/standard_item_filter_gui.png",
        "bloodmagic:images/entries/routing/standard_item_filter_mouseover.png"
      ],
      "title": "标准物品过滤器 GUI",
      "border": true,
      "text": "能够设置过滤器的GUI以及文本。"
    }
  ]
}
