{
  "name": "隐形",
  "icon": "minecraft:glass_pane",
  "category": "bloodmagic:alchemy_table/potion_flasks/vanilla",
  "pages": [
    {
      "type": "patchouli:text",
      "text": "$(thing)隐形$()可以使目标从视野中消失，使其难以被发现。这个效果并不会对任何$(item)装甲$()或手持的道具生效，任何这些物品都可能造成目标位置被发现。$(br2)由$(l:bloodmagic:alchemy_table/potion_flasks/vanilla/night_vision)夜视$()效果药水所制作。"
    },
    {
      "type": "bloodmagic:3x_crafting_flask",
      "a.heading": "隐形 (3:00)",
      "a.recipe": "bloodmagic:flask/night_to_invis",
      "b.heading": "隐形 (8:00)",
      "b.recipe": "bloodmagic:flask/length_invisibility",
      "c.heading": "隐形 (21:20)",
      "c.recipe": "bloodmagic:flask/length_average_invisibility"
    }
  ]
}
