{
  "name": "速度",
  "icon": "minecraft:sugar",
  "category": "bloodmagic:alchemy_table/potion_flasks/vanilla",
  "pages": [
    {
      "type": "patchouli:text",
      "text": "$(thing)速度$()每级提升目标的移动20%。"
    },
    {
      "type": "bloodmagic:3x_crafting_flask",
      "a.heading": "速度 (3:00)",
      "a.recipe": "bloodmagic:flask/speed_boost",
      "b.heading": "速度 (8:00)",
      "b.recipe": "bloodmagic:flask/length_speed_boost",
      "c.heading": "速度 II (1:30)",
      "c.recipe": "bloodmagic:flask/potency_speed_boost"
    },
    {
      "type": "patchouli:text",
      "text": "添加$(l:bloodmagic:alchemy_table/potions#average_potions)标准催化剂$()可以更进一步提升效果。"
    },
    {
      "type": "bloodmagic:2x_crafting_flask",
      "a.heading": "速度 III (0:45)",
      "a.recipe": "bloodmagic:flask/potency_average_speed_boost",
      "b.heading": "速度 (21:20)",
      "b.recipe": "bloodmagic:flask/length_average_speed_boost"
    }

  ]
}
