{
	"credit": "Made with Blockbench",
	"texture_size": [128, 128],
	"textures": {
		"cloth": "sophisticatedbackpacks:block/backpack_cloth",
		"border": "sophisticatedbackpacks:block/backpack_border",
		"clips": "sophisticatedbackpacks:block/leather_clips",
		"particle": "sophisticatedbackpacks:block/particle"
	},
	"elements": [
		{
			"name": "left_strap",
			"from": [10.5, 12.25, 10.5],
			"to": [12.5, 12.25, 12.5],
			"faces": {
				"up": {"uv": [5.5, 7.5, 6.5, 6.5], "texture": "#border", "tintindex": 0},
				"down": {"uv": [6.5, 7.5, 5.5, 6.5], "rotation": 180, "texture": "#border", "tintindex": 0}
			}
		},
		{
			"name": "left_strap",
			"from": [10.5, -0.25, 12.5],
			"to": [12.5, 12.25, 12.5],
			"faces": {
				"north": {"uv": [6.5, 6.5, 5.5, 12.5], "texture": "#border", "tintindex": 0},
				"south": {"uv": [5.5, 6.5, 6.5, 12.5], "texture": "#border", "tintindex": 0}
			}
		},
		{
			"name": "left_strap",
			"from": [10.5, -0.25, 10.5],
			"to": [12.5, -0.25, 12.5],
			"faces": {
				"up": {"uv": [5.5, 11.5, 6.5, 12.5], "texture": "#border", "tintindex": 0},
				"down": {"uv": [6.5, 11.5, 5.5, 12.5], "rotation": 180, "texture": "#border", "tintindex": 0}
			}
		},
		{
			"name": "right_strap",
			"from": [3.5, 12.25, 10.5],
			"to": [5.5, 12.25, 12.5],
			"faces": {
				"up": {"uv": [6.5, 7.5, 5.5, 6.5], "texture": "#border", "tintindex": 0},
				"down": {"uv": [5.5, 7.5, 6.5, 6.5], "rotation": 180, "texture": "#border", "tintindex": 0}
			}
		},
		{
			"name": "right_strap",
			"from": [3.5, -0.25, 12.5],
			"to": [5.5, 12.25, 12.5],
			"faces": {
				"north": {"uv": [5.5, 6.5, 6.5, 12.5], "texture": "#border", "tintindex": 0},
				"south": {"uv": [6.5, 6.5, 5.5, 12.5], "texture": "#border", "tintindex": 0}
			}
		},
		{
			"name": "right_strap",
			"from": [3.5, -0.25, 10.5],
			"to": [5.5, -0.25, 12.5],
			"faces": {
				"up": {"uv": [5.5, 11.5, 6.5, 12.5], "texture": "#border", "tintindex": 0},
				"down": {"uv": [5.5, 11.5, 6.5, 12.5], "rotation": 180, "texture": "#border", "tintindex": 0}
			}
		},
		{
			"name": "top_lip",
			"from": [3, 7, 5],
			"to": [13, 12, 12],
			"faces": {
				"north": {"uv": [4.5, 0, 9.5, 2.5], "texture": "#border", "tintindex": 1},
				"east": {"uv": [0, 0, 3.5, 2.5], "texture": "#border", "tintindex": 1},
				"south": {"uv": [0, 6.5, 5, 9], "texture": "#border", "tintindex": 1},
				"west": {"uv": [3.5, 0, 0, 2.5], "texture": "#border", "tintindex": 1},
				"up": {"uv": [7, 6.5, 12, 10], "texture": "#border", "tintindex": 1},
				"down": {"uv": [7, 10.5, 12, 14.5], "texture": "#border", "tintindex": 1}
			}
		},
		{
			"name": "top_lip",
			"from": [3, 0, 4],
			"to": [13, 7, 12],
			"faces": {
				"north": {"uv": [4.5, 2.5, 9.5, 6], "texture": "#border", "tintindex": 1},
				"east": {"uv": [0, 2.5, 4, 6], "texture": "#border", "tintindex": 1},
				"south": {"uv": [0, 9, 5, 12.5], "texture": "#border", "tintindex": 1},
				"west": {"uv": [4, 2.5, 0, 6], "texture": "#border", "tintindex": 1},
				"up": {"uv": [7, 6.5, 12, 10.5], "texture": "#border", "tintindex": 1},
				"down": {"uv": [7, 10.5, 12, 14.5], "texture": "#border", "tintindex": 1}
			}
		},
		{
			"name": "handle",
			"from": [3, 7, 5],
			"to": [13, 12, 12],
			"faces": {
				"up": {"uv": [7, 6.5, 12, 10], "texture": "#clips"}
			}
		},
		{
			"name": "handle",
			"from": [5, 12, 9],
			"to": [11, 14, 9],
			"rotation": {"angle": 0, "axis": "y", "origin": [0, 0, 0.75]},
			"faces": {
				"north": {"uv": [10, 4.5, 13, 5.5], "texture": "#clips"},
				"south": {"uv": [13, 4.5, 10, 5.5], "texture": "#clips"}
			}
		},
		{
			"name": "body",
			"from": [3, 7, 5],
			"to": [13, 12, 12],
			"faces": {
				"north": {"uv": [4.5, 0, 9.5, 2.5], "texture": "#cloth", "tintindex": 0},
				"east": {"uv": [0, 0, 3.5, 2.5], "texture": "#cloth", "tintindex": 0},
				"south": {"uv": [0, 6.5, 5, 9], "texture": "#cloth", "tintindex": 0},
				"west": {"uv": [3.5, 0, 0, 2.5], "texture": "#cloth", "tintindex": 0},
				"up": {"uv": [7, 6.5, 12, 10], "texture": "#cloth", "tintindex": 0},
				"down": {"uv": [7, 10.5, 12, 14.5], "texture": "#cloth", "tintindex": 0}
			}
		},
		{
			"name": "body",
			"from": [3, 0, 4],
			"to": [13, 7, 12],
			"faces": {
				"north": {"uv": [4.5, 2.5, 9.5, 6], "texture": "#cloth", "tintindex": 0},
				"east": {"uv": [0, 2.5, 4, 6], "texture": "#cloth", "tintindex": 0},
				"south": {"uv": [0, 9, 5, 12.5], "texture": "#cloth", "tintindex": 0},
				"west": {"uv": [4, 2.5, 0, 6], "texture": "#cloth", "tintindex": 0},
				"up": {"uv": [7, 6.5, 12, 10.5], "texture": "#cloth", "tintindex": 0},
				"down": {"uv": [7, 10.5, 12, 14.5], "texture": "#cloth", "tintindex": 0}
			}
		}
	],
	"display": {
		"thirdperson_righthand": {
			"rotation": [75, -77, 2],
			"translation": [0.25, -2.25, -3.5],
			"scale": [0.74, 0.74, 0.74]
		},
		"firstperson_righthand": {
			"rotation": [-5, 86, 0],
			"translation": [2, 0, 0],
			"scale": [0.88, 0.88, 0.88]
		},
		"ground": {
			"translation": [0, 2.5, 0],
			"scale": [0.5, 0.5, 0.5]
		},
		"gui": {
			"rotation": [30, -135, 0],
			"translation": [0.25, 1.25, 0],
			"scale": [0.85, 0.85, 0.85]
		},
		"head": {
			"rotation": [0, 180, 0],
			"translation": [0, -12, 9.75],
			"scale": [1.5, 1.5, 1.5]
		},
		"fixed": {
			"translation": [0, 1, 0]
		}
	},
	"groups": [
		{
			"name": "left-strap",
			"origin": [10.75, 0, 1],
			"color": 0,
			"children": [0, 1, 2]
		},
		{
			"name": "right-strap",
			"origin": [4.25, 0, 1],
			"color": 0,
			"children": [3, 4, 5]
		},
		{
			"name": "top-lip",
			"origin": [12, 7, 4],
			"color": 0,
			"children": [6, 7]
		},
		{
			"name": "handle",
			"origin": [7.25, 7.75, 2],
			"color": 0,
			"children": [8, 9]
		},
		{
			"name": "body",
			"origin": [4, 0, 11],
			"color": 0,
			"children": [10, 11]
		}
	]
}