{
  "name": "飞刀",
  "icon": "bloodmagic:throwing_dagger",
  "category": "bloodmagic:demon_will/demonic_items",
  "extra_recipe_mappings": {
    "bloodmagic:slate_ampoule": 3
  },
  "pages":[
    {
      "type": "patchouli:text",
      "text": "$(item)弓$()和$(item)弩$() 已经很棒了，但是要从 $(item)砾石$()获取$(item)燧石$()以及拔鸡的$(item)羽毛$()坦白来说这是很麻烦的。这些闪亮(且非常锋利)的$(item)飞刀$()也有一些非常狡猾的效果，如果你自己这麽说的话。"
    },
    {
      "type": "bloodmagic:crafting_soulforge",
      "heading": "铁飞刀",
      "recipe": "bloodmagic:soulforge/throwing_dagger",
	  "anchor":"iron_throwing_dagger",
	  "text": "$(item)铁飞刀$()是一种快速攻击武器，造成10点伤害，并有冷却时间。不仅如此如果你有一些$(l:bloodmagic:demon_will/will_manipulation/demon_will)恶魔意志$()在你身上，或是存于$(l:bloodmagic:demon_will/will_manipulation/soul_gem)下界魂石$()内，它将跟$(l:bloodmagic:demon_will/demonic_items/sentient_sword)感知之剑$()相同掉落$(raw)意志$()。"
    },
    {
      "type": "bloodmagic:crafting_soulforge",
      "heading": "针筒飞刀",
      "recipe": "bloodmagic:soulforge/throwing_dagger_syringe",
	  "anchor":"syringe_throwing_dagger",
	  "text": "炼金术士虽然也需要搜集$(raw)意志$()，但对$(blood)生命精华$()显然更有兴趣，这时$(item)针筒飞刀$()是你的好选择。虽然伤害略低，但显然更便宜,被这种武器击杀的敌人有机会掉落一个$(item)安瓶石板$() - 或更多，如果它们足够丰满。"
    },
    {
      "type": "patchouli:spotlight",
      "item": "bloodmagic:slate_ampoule",
      "title": "安瓶石板",
      "text": "这些令人愉快的瓶子可在靠近$(l:bloodmagic:altar/blood_altar)血祭坛$()时破坏。使其提供$(blood)500 LP$()，这些$(item)安瓶$()会被销毁。这些收益并不适用于任何$(item)符文$()。"
    },
    {
      "type": "bloodmagic:crafting_soulforge",
      "heading": "紫水晶飞刀",
      "recipe": "bloodmagic:soulforge/throwing_dagger_copper",
      "anchor":"amethyst_throwing_dagger",
      "text": "$(item)紫水晶飞刀$()的伤害力不低于$(item)铁飞刀$()，但并不会使生物被击杀时掉落任何$(raw)意志$()。相对的，能够在$(item)炼金术反应室$()使用$(l:bloodmagic:alchemy_table/potions)滞留炼金瓶$()制作8把$(item)炼金紫水晶飞刀$()。"
    },
    {
      "type": "bloodmagic:crafting_arc",
      "heading": "炼金紫水晶飞刀",
      "recipe": "bloodmagic:arc/tipped_copper",
      "text": "这些飞刀能将效果赋予至被击中的生物上，就象它们走进$(item)滞留炼金瓶$()的范围内一样。组合实验的结果，找到最令人衰弱、最邪恶的飞刀!"
    }
  ]
}
