{
  "name": "迅捷溶剂",
  "icon": "bloodmagic:quick_draw_anointment",
  "category": "bloodmagic:alchemy_table/anointments",
  "pages": [
    {
      "type": "bloodmagic:crafting_alchemy_table",
      "heading": "迅捷溶剂",
      "recipe": "bloodmagic:alchemytable/quick_draw_anointment",
      "text": "使弓和弩的装填时间减少33%。 $(br2)有效物品:弓，弩。$(br2)套用: 灵巧之手I (256 射击)"
    },
    {
      "type": "bloodmagic:crafting_alchemy_table",
      "heading": "迅捷溶剂 L",
      "recipe": "bloodmagic:alchemytable/quick_draw_anointment_l",
      "text": "这种升级版的药剂可延长4倍效果次数。 $(br2)套用: 灵巧之手I (1024 射击)"
    },
    {
      "type": "bloodmagic:crafting_alchemy_table",
      "heading": "迅捷溶剂 II",
      "recipe": "bloodmagic:alchemytable/quick_draw_anointment_2",
      "text": "这种升级版的药剂使弓和弩的装填时间减少50%。 $(br2)套用: 灵巧之手II (256 射击)"
    },
    {
      "type": "bloodmagic:crafting_alchemy_table",
      "heading": "迅捷溶剂 XL",
      "recipe": "bloodmagic:alchemytable/quick_draw_anointment_xl",
      "text": "这种升级版的药剂可延长16倍效果次数。 $(br2)套用: 灵巧之手I (4096 射击)"
    },
    {
      "type": "bloodmagic:crafting_alchemy_table",
      "heading": "迅捷溶剂 III",
      "recipe": "bloodmagic:alchemytable/quick_draw_anointment_3",
      "text": "这种升级版的药剂使弓和弩的装填时间减少67%。 $(br2)套用: 灵巧之手III (256 射击)"
    }
  ]
}