{
	"credit": "Made with Blockbench",
	"texture_size": [64, 64],
	"textures": {
		"particle": "create_new_age:block/reactor/casing",
		"all": "create_new_age:block/reactor/acceptor"
	},
	"elements": [
		{
			"from": [2, 1, 2.25],
			"to": [14, 3, 14.25],
			"rotation": {"angle": 0, "axis": "x", "origin": [8, 7.8, 8.25]},
			"faces": {
				"north": {"uv": [4, 4, 7, 4.5], "texture": "#all"},
				"east": {"uv": [4, 4, 7, 4.5], "texture": "#all"},
				"south": {"uv": [4, 4, 7, 4.5], "texture": "#all"},
				"west": {"uv": [4, 4, 7, 4.5], "texture": "#all"},
				"down": {"uv": [0, 0, 4, 4], "texture": "#all"}
			}
		},
		{
			"from": [3, 0, 3],
			"to": [13, 1, 13],
			"rotation": {"angle": 0, "axis": "x", "origin": [4, 10.05, 7.25]},
			"faces": {
				"north": {"uv": [9.5, 4, 7, 4.25], "rotation": 180, "texture": "#all"},
				"east": {"uv": [9.5, 4, 7, 4.25], "rotation": 180, "texture": "#all"},
				"south": {"uv": [9.5, 4, 7, 4.25], "rotation": 180, "texture": "#all"},
				"west": {"uv": [9.5, 4, 7, 4.25], "rotation": 180, "texture": "#all"},
				"down": {"uv": [13.5, 0, 16, 2.5], "texture": "#all"}
			}
		},
		{
			"from": [4.46447, -3.53553, 7],
			"to": [6.46447, -3.53553, 9],
			"rotation": {"angle": -45, "axis": "z", "origin": [8, 0, 8]},
			"faces": {
				"up": {"uv": [11, 2.5, 11.5, 3], "texture": "#all"},
				"down": {"uv": [11, 2.5, 11.5, 3], "texture": "#all"}
			}
		},
		{
			"from": [6.46447, -3.53553, 7],
			"to": [6.46447, -2.53553, 9],
			"rotation": {"angle": -45, "axis": "z", "origin": [8, 0, 8]},
			"faces": {
				"east": {"uv": [11, 3, 11.5, 3.25], "texture": "#all"},
				"west": {"uv": [11, 3, 11.5, 3.25], "texture": "#all"}
			}
		},
		{
			"from": [7, 1.53553, 11.53553],
			"to": [9, 3.53553, 11.53553],
			"rotation": {"angle": 45, "axis": "x", "origin": [8, 0, 8]},
			"faces": {
				"north": {"uv": [11, 2.5, 11.5, 3], "rotation": 90, "texture": "#all"},
				"south": {"uv": [11, 2.5, 11.5, 3], "rotation": 90, "texture": "#all"}
			}
		},
		{
			"from": [7, 1.53553, 10.53553],
			"to": [9, 1.53553, 11.53553],
			"rotation": {"angle": 45, "axis": "x", "origin": [8, 0, 8]},
			"faces": {
				"up": {"uv": [11, 3, 11.5, 3.25], "rotation": 180, "texture": "#all"},
				"down": {"uv": [11, 3, 11.5, 3.25], "rotation": 180, "texture": "#all"}
			}
		},
		{
			"from": [9.53553, -3.53553, 7],
			"to": [11.53553, -3.53553, 9],
			"rotation": {"angle": 45, "axis": "z", "origin": [8, 0, 8]},
			"faces": {
				"up": {"uv": [11, 2.5, 11.5, 3], "rotation": 180, "texture": "#all"},
				"down": {"uv": [11, 2.5, 11.5, 3], "rotation": 180, "texture": "#all"}
			}
		},
		{
			"from": [9.53553, -3.53553, 7],
			"to": [9.53553, -2.53553, 9],
			"rotation": {"angle": 45, "axis": "z", "origin": [8, 0, 8]},
			"faces": {
				"east": {"uv": [11, 3, 11.5, 3.25], "texture": "#all"},
				"west": {"uv": [11, 3, 11.5, 3.25], "texture": "#all"}
			}
		},
		{
			"from": [7, 1.53553, 4.46447],
			"to": [9, 3.53553, 4.46447],
			"rotation": {"angle": -45, "axis": "x", "origin": [8, 0, 8]},
			"faces": {
				"north": {"uv": [11, 2.5, 11.5, 3], "rotation": 90, "texture": "#all"},
				"south": {"uv": [11, 2.5, 11.5, 3], "rotation": 90, "texture": "#all"}
			}
		},
		{
			"from": [7, 1.53553, 4.46447],
			"to": [9, 1.53553, 5.46447],
			"rotation": {"angle": -45, "axis": "x", "origin": [8, 0, 8]},
			"faces": {
				"up": {"uv": [11, 3, 11.5, 3.25], "texture": "#all"},
				"down": {"uv": [11, 3, 11.5, 3.25], "texture": "#all"}
			}
		},
		{
			"from": [3, 16, 3.25],
			"to": [13, 17, 13.25],
			"rotation": {"angle": 0, "axis": "x", "origin": [7, 7.8, 7.25]},
			"faces": {
				"north": {"uv": [13.5, 2.25, 11, 2.5], "rotation": 180, "texture": "#all"},
				"east": {"uv": [11, 0, 11.25, 2.5], "rotation": 270, "texture": "#all"},
				"south": {"uv": [13.5, 0.25, 11, 0], "texture": "#all"},
				"west": {"uv": [13.25, 0, 13.5, 2.5], "rotation": 90, "texture": "#all"},
				"up": {"uv": [11, 0, 13.5, 2.5], "rotation": 180, "texture": "#all"}
			}
		},
		{
			"from": [0, 3, 0.25],
			"to": [16, 5, 16.25],
			"rotation": {"angle": 0, "axis": "x", "origin": [8, 7.8, 8.25]},
			"faces": {
				"north": {"uv": [4, 3.5, 0, 4], "texture": "#all"},
				"east": {"uv": [0, 3.5, 4, 4], "texture": "#all"},
				"south": {"uv": [0, 3.5, 4, 4], "texture": "#all"},
				"west": {"uv": [0, 3.5, 4, 4], "texture": "#all"},
				"up": {"uv": [0, 0, 4, 4], "rotation": 180, "texture": "#all"},
				"down": {"uv": [0, 0, 4, 4], "texture": "#all"}
			}
		},
		{
			"from": [0, 13, 0.25],
			"to": [16, 16, 16.25],
			"rotation": {"angle": 0, "axis": "x", "origin": [8, 7.8, 8.25]},
			"faces": {
				"north": {"uv": [4, 4, 0, 4.75], "rotation": 180, "texture": "#all"},
				"east": {"uv": [0, 4, 4, 4.75], "texture": "#all"},
				"south": {"uv": [0, 4.75, 4, 4], "texture": "#all"},
				"west": {"uv": [0, 4, 4, 4.75], "texture": "#all"},
				"up": {"uv": [0, 0, 4, 4], "rotation": 180, "texture": "#all"},
				"down": {"uv": [0, 0, 4, 4], "texture": "#all"}
			}
		},
		{
			"from": [1, 5, 1.25],
			"to": [15, 13, 15.25],
			"rotation": {"angle": 0, "axis": "x", "origin": [8, 7.8, 8.25]},
			"faces": {
				"north": {"uv": [4, 2, 7.5, 4], "texture": "#all"},
				"east": {"uv": [7.5, 2, 11, 4], "texture": "#all"},
				"south": {"uv": [4, 0, 7.5, 2], "texture": "#all"},
				"west": {"uv": [7.5, 0, 11, 2], "texture": "#all"}
			}
		}
	],
	"display": {
		"thirdperson_righthand": {
			"rotation": [75, 45, 0],
			"translation": [0, 2.5, 0],
			"scale": [0.375, 0.375, 0.375]
		},
		"thirdperson_lefthand": {
			"rotation": [75, 45, 0],
			"translation": [0, 2.5, 0],
			"scale": [0.375, 0.375, 0.375]
		},
		"firstperson_righthand": {
			"rotation": [0, 45, 0],
			"scale": [0.4, 0.4, 0.4]
		},
		"firstperson_lefthand": {
			"rotation": [0, 225, 0],
			"scale": [0.4, 0.4, 0.4]
		},
		"ground": {
			"translation": [0, 3, 0],
			"scale": [0.25, 0.25, 0.25]
		},
		"gui": {
			"rotation": [30, 225, 0],
			"scale": [0.625, 0.625, 0.625]
		},
		"fixed": {
			"scale": [0.5, 0.5, 0.5]
		}
	}
}