{
	"credit": "Made with Blockbench",
	"texture_size": [32, 32],
	"textures": {
		"2": "create_new_age:block/reactor/rod_off",
		"particle": "create_new_age:block/reactor/casing"
	},
	"elements": [
		{
			"from": [5, 1, 5],
			"to": [11, 15, 11],
			"rotation": {"angle": 0, "axis": "y", "origin": [8, 8, 8]},
			"faces": {
				"north": {"uv": [3, 8, 0, 0], "rotation": 180, "texture": "#2"},
				"east": {"uv": [0, 0, 3, 8], "rotation": 180, "texture": "#2"},
				"south": {"uv": [3, 8, 0, 0], "rotation": 180, "texture": "#2"},
				"west": {"uv": [0, 0, 3, 8], "rotation": 180, "texture": "#2"},
				"up": {"uv": [3, 8, 0, 11], "texture": "#2"},
				"down": {"uv": [3, 11, 0, 8], "texture": "#2"}
			}
		},
		{
			"from": [4, 15, 4],
			"to": [12, 16, 12],
			"rotation": {"angle": 0, "axis": "y", "origin": [7.5, 8, 7.5]},
			"faces": {
				"north": {"uv": [3, 0, 7, 0.5], "rotation": 180, "texture": "#2"},
				"east": {"uv": [3, 0, 7, 0.5], "rotation": 180, "texture": "#2"},
				"south": {"uv": [3, 0, 7, 0.5], "rotation": 180, "texture": "#2"},
				"west": {"uv": [3, 0, 7, 0.5], "texture": "#2"},
				"up": {"uv": [7, 0, 3, 4], "texture": "#2"},
				"down": {"uv": [7, 4, 3, 0], "texture": "#2"}
			}
		},
		{
			"from": [4, 0, 4],
			"to": [12, 1, 12],
			"rotation": {"angle": 0, "axis": "y", "origin": [7.5, -7, 7.5]},
			"faces": {
				"north": {"uv": [3, 0, 7, 0.5], "rotation": 180, "texture": "#2"},
				"east": {"uv": [3, 0, 7, 0.5], "rotation": 180, "texture": "#2"},
				"south": {"uv": [3, 0, 7, 0.5], "rotation": 180, "texture": "#2"},
				"west": {"uv": [3, 0, 7, 0.5], "texture": "#2"},
				"up": {"uv": [7, 0, 3, 4], "texture": "#2"},
				"down": {"uv": [7, 4, 3, 0], "texture": "#2"}
			}
		}
	],
	"display": {
		"thirdperson_righthand": {
			"rotation": [75, 45, 0],
			"translation": [0, 2.5, 0],
			"scale": [0.375, 0.375, 0.375]
		},
		"thirdperson_lefthand": {
			"rotation": [75, 45, 0],
			"translation": [0, 2.5, 0],
			"scale": [0.375, 0.375, 0.375]
		},
		"firstperson_righthand": {
			"rotation": [0, 45, 0],
			"scale": [0.4, 0.4, 0.4]
		},
		"firstperson_lefthand": {
			"rotation": [0, 225, 0],
			"scale": [0.4, 0.4, 0.4]
		},
		"ground": {
			"translation": [0, 3, 0],
			"scale": [0.25, 0.25, 0.25]
		},
		"gui": {
			"rotation": [30, 225, 0],
			"scale": [0.625, 0.625, 0.625]
		},
		"fixed": {
			"scale": [0.5, 0.5, 0.5]
		}
	}
}