{
	"credit": "Made with Blockbench",
	"texture_size": [64, 64],
	"textures": {
		"1": "create_new_age:block/reactor/vent_steel",
		"particle": "create_new_age:block/reactor/casing",
		"all": "create_new_age:block/reactor/vent"
	},
	"elements": [
		{
			"from": [4, 9, 7],
			"to": [12, 13, 9],
			"rotation": {"angle": 0, "axis": "z", "origin": [8, 8, 8]},
			"faces": {
				"north": {"uv": [8, 0, 12, 2], "rotation": 180, "texture": "#all"},
				"east": {"uv": [9, 0, 8, 2], "rotation": 180, "texture": "#all"},
				"south": {"uv": [8, 0, 12, 2], "rotation": 180, "texture": "#all"},
				"west": {"uv": [9, 0, 8, 2], "rotation": 180, "texture": "#all"}
			}
		},
		{
			"from": [7, 9, 4],
			"to": [9, 13, 12],
			"rotation": {"angle": 0, "axis": "y", "origin": [8, 11, 8]},
			"faces": {
				"north": {"uv": [9, 0, 8, 2], "rotation": 180, "texture": "#all"},
				"east": {"uv": [8, 0, 12, 2], "rotation": 180, "texture": "#all"},
				"south": {"uv": [9, 0, 8, 2], "rotation": 180, "texture": "#all"},
				"west": {"uv": [8, 0, 12, 2], "rotation": 180, "texture": "#all"}
			}
		},
		{
			"from": [0, 14, 0],
			"to": [16, 16, 16],
			"rotation": {"angle": 0, "axis": "z", "origin": [8, 8, 8]},
			"faces": {
				"north": {"uv": [0, 0, 8, 1], "texture": "#all"},
				"east": {"uv": [0, 0, 8, 1], "texture": "#all"},
				"south": {"uv": [0, 0, 8, 1], "texture": "#all"},
				"west": {"uv": [0, 0, 8, 1], "texture": "#all"},
				"up": {"uv": [0, 0, 8, 8], "texture": "#all"},
				"down": {"uv": [0, 0, 8, 8], "texture": "#all"}
			}
		},
		{
			"from": [1, 13, 1],
			"to": [15, 14, 15],
			"rotation": {"angle": 0, "axis": "z", "origin": [8, 8, 8]},
			"faces": {
				"north": {"uv": [0, 8, 7, 8.5], "texture": "#all"},
				"east": {"uv": [0, 8, 7, 8.5], "texture": "#all"},
				"south": {"uv": [0, 8, 7, 8.5], "texture": "#all"},
				"west": {"uv": [0, 8, 7, 8.5], "texture": "#all"},
				"up": {"uv": [0, 8, 7, 15], "rotation": 180, "texture": "#all"},
				"down": {"uv": [0, 8, 7, 15], "rotation": 180, "texture": "#all"}
			}
		},
		{
			"from": [1, 8, 1],
			"to": [15, 9, 15],
			"rotation": {"angle": 0, "axis": "y", "origin": [8, 8, 8]},
			"faces": {
				"north": {"uv": [0, 8, 7, 8.5], "texture": "#all"},
				"east": {"uv": [0, 8, 7, 8.5], "texture": "#all"},
				"south": {"uv": [0, 8, 7, 8.5], "texture": "#all"},
				"west": {"uv": [0, 8, 7, 8.5], "texture": "#all"},
				"up": {"uv": [0, 8, 7, 15], "rotation": 180, "texture": "#all"},
				"down": {"uv": [0, 8, 7, 15], "rotation": 180, "texture": "#all"}
			}
		},
		{
			"from": [2, 9, 2],
			"to": [4, 13, 4],
			"faces": {
				"north": {"uv": [4, 0.5, 5, 2.5], "texture": "#all"},
				"east": {"uv": [4, 0.5, 5, 2.5], "texture": "#all"},
				"south": {"uv": [4, 0.5, 5, 2.5], "texture": "#all"},
				"west": {"uv": [4, 0.5, 5, 2.5], "texture": "#all"}
			}
		},
		{
			"from": [2, 9, 12],
			"to": [4, 13, 14],
			"faces": {
				"north": {"uv": [4, 0.5, 5, 2.5], "texture": "#all"},
				"east": {"uv": [4, 0.5, 5, 2.5], "texture": "#all"},
				"south": {"uv": [4, 0.5, 5, 2.5], "texture": "#all"},
				"west": {"uv": [4, 0.5, 5, 2.5], "texture": "#all"}
			}
		},
		{
			"from": [12, 9, 2],
			"to": [14, 13, 4],
			"faces": {
				"north": {"uv": [4, 0.5, 5, 2.5], "texture": "#all"},
				"east": {"uv": [4, 0.5, 5, 2.5], "texture": "#all"},
				"south": {"uv": [4, 0.5, 5, 2.5], "texture": "#all"},
				"west": {"uv": [4, 0.5, 5, 2.5], "texture": "#all"}
			}
		},
		{
			"from": [12, 9, 12],
			"to": [14, 13, 14],
			"faces": {
				"north": {"uv": [4, 0.5, 5, 2.5], "texture": "#all"},
				"east": {"uv": [4, 0.5, 5, 2.5], "texture": "#all"},
				"south": {"uv": [4, 0.5, 5, 2.5], "texture": "#all"},
				"west": {"uv": [4, 0.5, 5, 2.5], "texture": "#all"}
			}
		},
		{
			"from": [1.5, 0, 13.5],
			"to": [14.5, 7, 14.5],
			"rotation": {"angle": 0, "axis": "z", "origin": [8, 12.75, 8]},
			"faces": {
				"north": {"uv": [4, 0, 7.25, 1.75], "rotation": 180, "texture": "#1"},
				"east": {"uv": [7.25, 0, 7.5, 1.75], "rotation": 180, "texture": "#1"},
				"south": {"uv": [7.25, 0, 4, 1.75], "rotation": 180, "texture": "#1"},
				"west": {"uv": [3.75, 0, 4, 1.75], "rotation": 180, "texture": "#1"},
				"down": {"uv": [7.25, 0.25, 4, 0], "rotation": 180, "texture": "#1"}
			}
		},
		{
			"from": [1.5, 0, 9.5],
			"to": [14.5, 7, 10.5],
			"rotation": {"angle": 0, "axis": "z", "origin": [8, 12.75, 8]},
			"faces": {
				"north": {"uv": [4, 0, 7.25, 1.75], "rotation": 180, "texture": "#1"},
				"east": {"uv": [7.25, 0, 7.5, 1.75], "rotation": 180, "texture": "#1"},
				"south": {"uv": [7.25, 0, 4, 1.75], "rotation": 180, "texture": "#1"},
				"west": {"uv": [3.75, 0, 4, 1.75], "rotation": 180, "texture": "#1"},
				"down": {"uv": [7.25, 0.25, 4, 0], "rotation": 180, "texture": "#1"}
			}
		},
		{
			"from": [1.5, 0, 11.5],
			"to": [14.5, 7, 12.5],
			"rotation": {"angle": 0, "axis": "z", "origin": [8, 12.75, 8]},
			"faces": {
				"north": {"uv": [4, 0, 7.25, 1.75], "rotation": 180, "texture": "#1"},
				"east": {"uv": [7.25, 0, 7.5, 1.75], "rotation": 180, "texture": "#1"},
				"south": {"uv": [7.25, 0, 4, 1.75], "rotation": 180, "texture": "#1"},
				"west": {"uv": [3.75, 0, 4, 1.75], "rotation": 180, "texture": "#1"},
				"down": {"uv": [7.25, 0.25, 4, 0], "rotation": 180, "texture": "#1"}
			}
		},
		{
			"from": [1.5, 0, 1.5],
			"to": [14.5, 7, 2.5],
			"rotation": {"angle": 0, "axis": "z", "origin": [8, 12.75, 8]},
			"faces": {
				"north": {"uv": [4, 0, 7.25, 1.75], "rotation": 180, "texture": "#1"},
				"east": {"uv": [7.25, 0, 7.5, 1.75], "rotation": 180, "texture": "#1"},
				"south": {"uv": [7.25, 0, 4, 1.75], "rotation": 180, "texture": "#1"},
				"west": {"uv": [3.75, 0, 4, 1.75], "rotation": 180, "texture": "#1"},
				"down": {"uv": [7.25, 0.25, 4, 0], "rotation": 180, "texture": "#1"}
			}
		},
		{
			"from": [1.5, 0, 3.5],
			"to": [14.5, 7, 4.5],
			"rotation": {"angle": 0, "axis": "z", "origin": [8, 12.75, 8]},
			"faces": {
				"north": {"uv": [4, 0, 7.25, 1.75], "rotation": 180, "texture": "#1"},
				"east": {"uv": [7.25, 0, 7.5, 1.75], "rotation": 180, "texture": "#1"},
				"south": {"uv": [7.25, 0, 4, 1.75], "rotation": 180, "texture": "#1"},
				"west": {"uv": [3.75, 0, 4, 1.75], "rotation": 180, "texture": "#1"},
				"down": {"uv": [7.25, 0.25, 4, 0], "rotation": 180, "texture": "#1"}
			}
		},
		{
			"from": [1.5, 0, 5.5],
			"to": [14.5, 7, 6.5],
			"rotation": {"angle": 0, "axis": "z", "origin": [8, 12.75, 8]},
			"faces": {
				"north": {"uv": [4, 0, 7.25, 1.75], "rotation": 180, "texture": "#1"},
				"east": {"uv": [7.25, 0, 7.5, 1.75], "rotation": 180, "texture": "#1"},
				"south": {"uv": [7.25, 0, 4, 1.75], "rotation": 180, "texture": "#1"},
				"west": {"uv": [3.75, 0, 4, 1.75], "rotation": 180, "texture": "#1"},
				"down": {"uv": [7.25, 0.25, 4, 0], "rotation": 180, "texture": "#1"}
			}
		},
		{
			"from": [0.5, 7, 0.5],
			"to": [15.5, 8, 15.5],
			"rotation": {"angle": 0, "axis": "z", "origin": [8, 12.75, 8]},
			"faces": {
				"north": {"uv": [0, 4, 3.75, 3.75], "rotation": 180, "texture": "#1"},
				"east": {"uv": [0, 4, 3.75, 3.75], "rotation": 180, "texture": "#1"},
				"south": {"uv": [0, 4, 3.75, 3.75], "rotation": 180, "texture": "#1"},
				"west": {"uv": [0, 4, 3.75, 3.75], "rotation": 180, "texture": "#1"},
				"up": {"uv": [3.75, 4, 0, 7.75], "rotation": 180, "texture": "#1"},
				"down": {"uv": [3.75, 3.75, 0, 0], "rotation": 180, "texture": "#1"}
			}
		},
		{
			"from": [1.5, 0, 7.5],
			"to": [14.5, 7, 8.5],
			"rotation": {"angle": 0, "axis": "z", "origin": [8, 12.75, 8]},
			"faces": {
				"north": {"uv": [4, 0, 7.25, 1.75], "rotation": 180, "texture": "#1"},
				"east": {"uv": [7.25, 0, 7.5, 1.75], "rotation": 180, "texture": "#1"},
				"south": {"uv": [7.25, 0, 4, 1.75], "rotation": 180, "texture": "#1"},
				"west": {"uv": [3.75, 0, 4, 1.75], "rotation": 180, "texture": "#1"},
				"down": {"uv": [7.25, 0.25, 4, 0], "rotation": 180, "texture": "#1"}
			}
		}
	],
	"display": {
		"thirdperson_righthand": {
			"rotation": [75, 45, 0],
			"translation": [0, 2.5, 0],
			"scale": [0.375, 0.375, 0.375]
		},
		"thirdperson_lefthand": {
			"rotation": [75, 45, 0],
			"translation": [0, 2.5, 0],
			"scale": [0.375, 0.375, 0.375]
		},
		"firstperson_righthand": {
			"rotation": [0, 45, 0],
			"scale": [0.4, 0.4, 0.4]
		},
		"firstperson_lefthand": {
			"rotation": [0, 225, 0],
			"scale": [0.4, 0.4, 0.4]
		},
		"ground": {
			"translation": [0, 3, 0],
			"scale": [0.25, 0.25, 0.25]
		},
		"gui": {
			"rotation": [30, 225, 0],
			"scale": [0.625, 0.625, 0.625]
		},
		"fixed": {
			"scale": [0.5, 0.5, 0.5]
		}
	},
	"groups": [
		{
			"name": "group",
			"origin": [0, 0, 0],
			"color": 0,
			"children": [0, 1, 2, 3, 4, 5, 6, 7, 8]
		},
		{
			"name": "topsink",
			"origin": [8, 1, 8],
			"color": 0,
			"children": [9, 10, 11, 12, 13, 14, 15, 16]
		}
	]
}