{
  "name": "磨刀油",
  "icon": "bloodmagic:melee_anointment",
  "category": "bloodmagic:alchemy_table/anointments",
  "pages": [
    {
      "type": "bloodmagic:crafting_alchemy_table",
      "heading": "磨刀油",
      "recipe": "bloodmagic:alchemytable/melee_damage_anointment",
      "text": "暂时增加3点近战伤害。 $(br2)有效物品:工具，剑。$(br2)套用: 砥石 I (256 击中)"
    },
    {
      "type": "bloodmagic:crafting_alchemy_table",
      "heading": "磨刀油 L",
      "recipe": "bloodmagic:alchemytable/melee_damage_anointment_l",
      "text": "这种升级版的药剂可延长4倍效果次数。 $(br2)套用: 砥石I (1024 击中)"
    },
    {
      "type": "bloodmagic:crafting_alchemy_table",
      "heading": "磨刀油 II",
      "recipe": "bloodmagic:alchemytable/melee_damage_anointment_2",
      "text": "这种升级版药剂可以使追加伤害增加为+6。 $(br2)套用: 砥石II (256 击中)"
    },
    {
      "type": "bloodmagic:crafting_alchemy_table",
      "heading": "磨刀油 XL",
      "recipe": "bloodmagic:alchemytable/melee_damage_anointment_xl",
      "text": "这种升级版的药剂可延长16倍效果次数。 $(br2)套用: 砥石I (4096 击中)"
    },
    {
      "type": "bloodmagic:crafting_alchemy_table",
      "heading": "磨刀油 III",
      "recipe": "bloodmagic:alchemytable/melee_damage_anointment_3",
      "text": "这种升级版药剂可以使追加伤害增加为+9。 $(br2)套用: 砥石III (256 击中)"
    }
  ]
}