{
  "name": "柔软覆层",
  "icon": "bloodmagic:silk_touch_anointment",
  "category": "bloodmagic:alchemy_table/anointments",
  "pages": [
    {
      "type": "bloodmagic:crafting_alchemy_table",
      "heading": "柔软覆层",
      "recipe": "bloodmagic:alchemytable/silk_touch_anointment",
      "text": "对方块套用丝绸之触。无法与原版附魔叠加。$(br2)有效物品:工具，剑，炸药。$(br2)套用:丝绸之触I (256 方块)"
    },
    {
      "type": "bloodmagic:crafting_alchemy_table",
      "heading": "柔软覆层L",
      "recipe": "bloodmagic:alchemytable/silk_touch_anointment_l",
      "text": "这种升级版的药剂可延长4倍效果次数。 $(br2)套用: 丝绸之触I (1024 方块)"
    },
    {
      "type": "bloodmagic:crafting_alchemy_table",
      "heading": "柔软覆层XL",
      "recipe": "bloodmagic:alchemytable/silk_touch_anointment_xl",
      "text": "这种升级版的药剂可延长16倍效果次数。 $(br2)套用: 丝绸之触I (4096 方块)"
    }
  ]
}