{
  "name": "风之印记",
  "icon": "bloodmagic:airsigil",
  "category": "bloodmagic:alchemy_array/sigil",
  "pages": [
    {
      "type": "patchouli:text",
      "text": "将你抛向你所面对的方向，代价为每次使用$(blood)50 LP$()。请注意这并没有提供任何轻盈效果，所以着陆时请小心！ 这是一个快速移动的好方法，尽管有一定的风险。许多术士都是因为用完了$(l:bloodmagic:altar/soul_network)灵魂网络$()中的$(blood)LP$()而他们正好飞在村庄上空时坠落。"
    },
    {
      "type": "bloodmagic:crafting_2-step_sigil",
      "alchemy_table.heading": "风之试剂",
      "alchemy_table.recipe": "bloodmagic:alchemytable/reagent_air",
      "array.heading": "风之印记",
      "array.recipe": "bloodmagic:array/airsigil",
      "array.text": "$(italic)我感觉很轻松...$()"
    }
  ]
}
