{
  "name": "血光印记",
  "icon": "bloodmagic:bloodlightsigil",
  "category": "bloodmagic:alchemy_array/sigil",
  "pages": [
    {
      "type": "patchouli:text",
      "text": "$(item)血光印记$()是一个方便的工具，适用于任何矿工，地城管理员，或者单纯不喜欢黑暗、觉得火把及荧石碍事的炼金术士，当你使用后，此印记将会在所面对的方向射出一道血光。 当它击中障碍物时，它会产生几乎看不见的光源，代价为$(blood)10 LP$()。"
    },
    {
      "type": "bloodmagic:crafting_2-step_sigil",
      "alchemy_table.heading": "血光试剂",
      "alchemy_table.recipe": "bloodmagic:alchemytable/reagent_blood_light",
      "array.heading": "血光印记",
      "array.recipe": "bloodmagic:array/bloodlightsigil",
      "array.text": "$(italic)我看到了光!"
    }
  ]
}
