{
  "name": "占卜印记",
  "icon": "bloodmagic:divinationsigil",
  "category": "bloodmagic:alchemy_array/sigil",
  "pages": [
    {
      "type": "patchouli:text",
      "text": "$(item)占卜印记$()可能是你在血魔法印记中制作的第一个，你需要使用$(l:bloodmagic:alchemy_array/functional_arrays/arcane_ash)奥术灰烬$(/l)以及 $(item)红石粉$()和$(item)空白石板$()分别做为基底和催化剂。"
    },
    {
      "type": "bloodmagic:crafting_array",
      "heading": "占卜印记",
      "recipe": "bloodmagic:array/divinationsigil",
      "text": " $(italic)窥探灵魂。"
    },
    {
      "type": "patchouli:image",
      "images": [
        "bloodmagic:images/entries/sigil/divination_sigil.png"
      ],
      "title": "占卜阵",
      "border": true,
      "text": "炼金制作阵，在那之后是占卜印记。"
    },
    {
      "type": "patchouli:text",
      "text": "占卜印记有两种主要用途：$(br)$(li)当任何玩家按下[$(k:use)]的同时使用束缚印记瞄准空气，它将显示所有者$(l:bloodmagic:altar/soul_network)灵魂网络$()内的$(blood)LP$()。$(li)当在$(l:bloodmagic:altar/blood_altar)血祭坛$(/l)按下[$(k:use)]，将告诉玩家祭坛当前的阶级，及在祭坛上获得的$(blood)生命精华$()数量，以及当前的最大容量。 当手上有$(item)占卜印记$()也会对$(l:bloodmagic:utility/incense_altar)熏香祭坛$()有帮助。"
    },
    {
      "type": "patchouli:image",
      "images": [
        "bloodmagic:images/entries/sigil/divination_sigil_info.png"
      ],
      "title": "占卜印记显示",
      "border": true,
      "text": "当你看像血祭坛时，占卜印记会显示这个GUI。"
    },
    {
      "type": "patchouli:text",
      "text": "最后，当你按住潜行并按下[$(k:use)]，一个新的接口将会被打开，显示所有来自血魔法的HUD元素。透过点击和拖动元素，可以选择和移动一个元素，松开元素并点击\"储存\" 将会储存元素的新位置。$(br2)选择 \"默认\" 会使元素回到预设的位置上。"
    },
    {
      "type": "patchouli:image",
      "images": [
        "bloodmagic:images/entries/sigil/gui_editing.png"
      ],
      "title": "GUI编辑",
      "border": true,
      "text": "血魔法的各种GUI元素。"
    },
    {
      "type": "patchouli:text",
      "text": "这些元素从上到下，从左到右，如下所示:$(li)$(l:bloodmagic:utility/incense_altar)$(#555555)熏香祭坛$()$(li)$(l:bloodmagic:alchemy_array/sigil/seer)$(#AA00AA)先知印记$()$(li)$(item)$(#E6CAFF)占卜印记$()$(li)$(l:bloodmagic:demon_will/will_manipulation/aura_gauge)$(#FFAA00)恶魔意志测量器$()$(li)$(l:bloodmagic:alchemy_array/sigil/holding)维持印记$()"
    }
  ]
}
