{
  "name": "药剂",
  "icon": "bloodmagic:melee_anointment",
  "category": "bloodmagic:alchemy_table",
  "pages": [
    {
      "type": "patchouli:text",
      "text": "$(item)药剂$() 基本上就是 $(item)药水$() 用于你的工具，武器，甚至是 $(l:bloodmagic:demon_will/demonic_items/explosive_charges)炸药$()。在手持$(item)炼金药$()时按下[$(k:use)]，如果可能的话它将会使效果套用志在另外一只手上的物品。并不是所有装备都能使用炼金药! $(br2)不象 $(item)药水$()， $(item)炼金药$()没有时间限制，然而当你的武器或工具被使用时，它们就会消耗1点。"
    },
    {
      "type": "bloodmagic:crafting_alchemy_table",
      "heading": "注入石板的试管",
      "recipe": "bloodmagic:alchemytable/slate_vial",
      "text": "一个结实的试管，可以容纳其他无法容纳的混合物。"
    }
  ]
}
