{
  "name": "用炼金阵制作",
  "icon": "bloodmagic:divinationsigil",
  "category": "bloodmagic:alchemy_array/functional_array",
  "pages": [
    {
      "type": "patchouli:text",
      "text": "$(1)制作炼金阵$()是最简单的炼金阵之一。将会使用$(item)基底$()及$(item)催化剂$()，转化物品。（通过一个小巧精美的动画）。"
    },
    {
      "type": "patchouli:text",
      "text": "虽然有些可以使用$(l:bloodmagic:alchemy_array/sigil/divination)非常简单的原料$(/l)制作，但是有些则需要额外的步骤来进行转化。"
    }
  ]
}  
