{
	"credit": "Made with Blockbench",
	"texture_size": [64, 64],
	"textures": {
		"1": "create_new_age:block/heat_pump",
		"particle": "create:block/industrial_iron_block"
	},
	"elements": [
		{
			"from": [3, 13, 1.5],
			"to": [13, 14, 3.5],
			"rotation": {"angle": 0, "axis": "y", "origin": [0.75, 0, 0.3]},
			"faces": {
				"north": {"uv": [0, 6.5, 2.5, 6.75], "texture": "#1"},
				"east": {"uv": [0.5, 6.5, 0, 6.75], "texture": "#1"},
				"south": {"uv": [0, 6.5, 2.5, 6.75], "texture": "#1"},
				"west": {"uv": [0, 6.5, 0.5, 6.75], "texture": "#1"},
				"up": {"uv": [2.5, 6.75, 0, 6.25], "texture": "#1"}
			}
		},
		{
			"from": [4, 14, 2],
			"to": [7, 15, 3],
			"rotation": {"angle": 0, "axis": "y", "origin": [0.55, -1, 0]},
			"faces": {
				"north": {"uv": [0.75, 6.25, 1.5, 6.5], "texture": "#1"},
				"east": {"uv": [0.75, 6.25, 1, 6.5], "texture": "#1"},
				"south": {"uv": [0.75, 6.25, 1.25, 6.5], "texture": "#1"},
				"west": {"uv": [1, 6.25, 1.25, 6.5], "texture": "#1"},
				"up": {"uv": [1.5, 6.25, 0.75, 6.5], "texture": "#1"}
			}
		},
		{
			"from": [9.5, 14.5, 2.5],
			"to": [11.5, 15.5, 2.5],
			"rotation": {"angle": 0, "axis": "y", "origin": [1, -0.5, 0.5]},
			"faces": {
				"north": {"uv": [1.5, 6.5, 2, 6.75], "texture": "#1"},
				"east": {"uv": [1.5, 6.5, 1.5, 6.75], "texture": "#1"},
				"south": {"uv": [1.5, 6.5, 2, 6.75], "texture": "#1"},
				"west": {"uv": [1.5, 6.5, 1.5, 6.75], "texture": "#1"},
				"up": {"uv": [1.5, 6.5, 2, 6.5], "texture": "#1"},
				"down": {"uv": [1.5, 6.5, 2, 6.5], "texture": "#1"}
			}
		},
		{
			"from": [4.5, 14.5, 2.5],
			"to": [6.5, 15.5, 2.5],
			"rotation": {"angle": 0, "axis": "y", "origin": [1, -0.5, 0.5]},
			"faces": {
				"north": {"uv": [1.5, 6.5, 2, 6.75], "texture": "#1"},
				"east": {"uv": [1.5, 6.5, 1.5, 6.75], "texture": "#1"},
				"south": {"uv": [1.5, 6.5, 2, 6.75], "texture": "#1"},
				"west": {"uv": [1.5, 6.5, 1.5, 6.75], "texture": "#1"},
				"up": {"uv": [1.5, 6.5, 2, 6.5], "texture": "#1"},
				"down": {"uv": [1.5, 6.5, 2, 6.5], "texture": "#1"}
			}
		},
		{
			"from": [9, 14, 2],
			"to": [12, 15, 3],
			"rotation": {"angle": 0, "axis": "y", "origin": [1.25, -1, 0]},
			"faces": {
				"north": {"uv": [0.75, 6.25, 1.5, 6.5], "texture": "#1"},
				"east": {"uv": [0.75, 6.25, 1, 6.5], "texture": "#1"},
				"south": {"uv": [0.75, 6.25, 1.25, 6.5], "texture": "#1"},
				"west": {"uv": [1, 6.25, 1.25, 6.5], "texture": "#1"},
				"up": {"uv": [1.5, 6.25, 0.75, 6.5], "texture": "#1"}
			}
		},
		{
			"from": [3, 2, 1.5],
			"to": [13, 3, 3.5],
			"rotation": {"angle": 0, "axis": "z", "origin": [9, 1.75, 2.5]},
			"faces": {
				"north": {"uv": [0, 6.5, 2.5, 6.75], "rotation": 180, "texture": "#1"},
				"east": {"uv": [0.5, 6.5, 0, 6.75], "texture": "#1"},
				"south": {"uv": [0, 6.5, 2.5, 6.75], "rotation": 180, "texture": "#1"},
				"west": {"uv": [0, 6.5, 0.5, 6.75], "texture": "#1"},
				"down": {"uv": [2.5, 6.75, 0, 6.25], "rotation": 180, "texture": "#1"}
			}
		},
		{
			"from": [9, 1, 2],
			"to": [12, 2, 3],
			"rotation": {"angle": 0, "axis": "z", "origin": [8, 1.75, 2.5]},
			"faces": {
				"north": {"uv": [0.75, 6.25, 1.5, 6.5], "rotation": 180, "texture": "#1"},
				"east": {"uv": [1, 6.25, 1.25, 6.5], "rotation": 180, "texture": "#1"},
				"south": {"uv": [0.75, 6.25, 1.5, 6.5], "rotation": 180, "texture": "#1"},
				"west": {"uv": [0.75, 6.25, 1, 6.5], "rotation": 180, "texture": "#1"},
				"down": {"uv": [1.5, 6.25, 0.75, 6.5], "rotation": 180, "texture": "#1"}
			}
		},
		{
			"from": [4.5, 0.5, 2.5],
			"to": [6.5, 1.5, 2.5],
			"rotation": {"angle": 0, "axis": "z", "origin": [8, 1.75, 2.5]},
			"faces": {
				"north": {"uv": [1.5, 6.5, 2, 6.75], "rotation": 180, "texture": "#1"},
				"east": {"uv": [1.5, 6.5, 1.5, 6.75], "rotation": 180, "texture": "#1"},
				"south": {"uv": [1.5, 6.5, 2, 6.75], "rotation": 180, "texture": "#1"},
				"west": {"uv": [1.5, 6.5, 1.5, 6.75], "rotation": 180, "texture": "#1"},
				"up": {"uv": [1.5, 6.5, 2, 6.5], "rotation": 180, "texture": "#1"},
				"down": {"uv": [1.5, 6.5, 2, 6.5], "rotation": 180, "texture": "#1"}
			}
		},
		{
			"from": [9.5, 0.5, 2.5],
			"to": [11.5, 1.5, 2.5],
			"rotation": {"angle": 0, "axis": "z", "origin": [8, 1.75, 2.5]},
			"faces": {
				"north": {"uv": [1.5, 6.5, 2, 6.75], "rotation": 180, "texture": "#1"},
				"east": {"uv": [1.5, 6.5, 1.5, 6.75], "rotation": 180, "texture": "#1"},
				"south": {"uv": [1.5, 6.5, 2, 6.75], "rotation": 180, "texture": "#1"},
				"west": {"uv": [1.5, 6.5, 1.5, 6.75], "rotation": 180, "texture": "#1"},
				"up": {"uv": [1.5, 6.5, 2, 6.5], "rotation": 180, "texture": "#1"},
				"down": {"uv": [1.5, 6.5, 2, 6.5], "rotation": 180, "texture": "#1"}
			}
		},
		{
			"from": [4, 1, 2],
			"to": [7, 2, 3],
			"rotation": {"angle": 0, "axis": "z", "origin": [8, 1.75, 2.5]},
			"faces": {
				"north": {"uv": [0.75, 6.25, 1.5, 6.5], "rotation": 180, "texture": "#1"},
				"east": {"uv": [1, 6.25, 1.25, 6.5], "rotation": 180, "texture": "#1"},
				"south": {"uv": [0.75, 6.25, 1.25, 6.5], "rotation": 180, "texture": "#1"},
				"west": {"uv": [0.75, 6.25, 1, 6.5], "rotation": 180, "texture": "#1"},
				"down": {"uv": [1.5, 6.25, 0.75, 6.5], "rotation": 180, "texture": "#1"}
			}
		},
		{
			"from": [4, 4, 4],
			"to": [12, 12, 12],
			"faces": {
				"north": {"uv": [4.5, 4, 6.5, 6], "texture": "#1"},
				"east": {"uv": [2, 2, 4, 0], "rotation": 90, "texture": "#1"},
				"south": {"uv": [0, 0, 2, 2], "texture": "#1"},
				"west": {"uv": [2, 2, 4, 0], "rotation": 270, "texture": "#1"},
				"up": {"uv": [2, 2, 4, 0], "texture": "#1"},
				"down": {"uv": [4, 0, 2, 2], "texture": "#1"}
			}
		},
		{
			"from": [12, 12, 4],
			"to": [13, 13, 12],
			"faces": {
				"east": {"uv": [0.25, 6.75, 2.25, 7], "texture": "#1"},
				"west": {"uv": [2.25, 6.75, 0.25, 7], "texture": "#1"},
				"up": {"uv": [2.25, 6.75, 0.25, 7], "rotation": 90, "texture": "#1"},
				"down": {"uv": [0.25, 6.75, 2.25, 7], "rotation": 90, "texture": "#1"}
			}
		},
		{
			"from": [3, 12, 4],
			"to": [4, 13, 12],
			"faces": {
				"east": {"uv": [2.25, 6.75, 0.25, 7], "texture": "#1"},
				"west": {"uv": [0.25, 6.75, 2.25, 7], "texture": "#1"},
				"up": {"uv": [0.25, 6.75, 2.25, 7], "rotation": 90, "texture": "#1"},
				"down": {"uv": [2.25, 6.75, 0.25, 7], "rotation": 90, "texture": "#1"}
			}
		},
		{
			"from": [3, 12, 12],
			"to": [13, 13, 13],
			"rotation": {"angle": 0, "axis": "y", "origin": [3.5, 12.5, 8]},
			"faces": {
				"north": {"uv": [2.5, 6.75, 0, 7], "texture": "#1"},
				"east": {"uv": [0, 6.75, 0.25, 7], "texture": "#1"},
				"south": {"uv": [0, 6.75, 2.5, 7], "texture": "#1"},
				"west": {"uv": [2.25, 6.75, 2.5, 7], "texture": "#1"},
				"up": {"uv": [0, 6.75, 2.5, 7], "texture": "#1"},
				"down": {"uv": [0, 6.75, 2.5, 7], "texture": "#1"}
			}
		},
		{
			"from": [3, 3, 12],
			"to": [13, 4, 13],
			"rotation": {"angle": 0, "axis": "y", "origin": [3.5, 12.5, 8]},
			"faces": {
				"north": {"uv": [2.5, 6.75, 0, 7], "texture": "#1"},
				"east": {"uv": [0, 6.75, 0.25, 7], "texture": "#1"},
				"south": {"uv": [0, 6.75, 2.5, 7], "texture": "#1"},
				"west": {"uv": [2.25, 6.75, 2.5, 7], "texture": "#1"},
				"up": {"uv": [0, 6.75, 2.5, 7], "texture": "#1"},
				"down": {"uv": [0, 6.75, 2.5, 7], "texture": "#1"}
			}
		},
		{
			"from": [3, 3, 4],
			"to": [4, 4, 12],
			"faces": {
				"east": {"uv": [2.25, 6.75, 0.25, 7], "texture": "#1"},
				"west": {"uv": [0.25, 6.75, 2.25, 7], "texture": "#1"},
				"up": {"uv": [0.25, 6.75, 2.25, 7], "rotation": 90, "texture": "#1"},
				"down": {"uv": [2.25, 6.75, 0.25, 7], "rotation": 90, "texture": "#1"}
			}
		},
		{
			"from": [12, 3, 4],
			"to": [13, 4, 12],
			"faces": {
				"east": {"uv": [0.25, 6.75, 2.25, 7], "texture": "#1"},
				"west": {"uv": [2.25, 6.75, 0.25, 7], "texture": "#1"},
				"up": {"uv": [2.25, 6.75, 0.25, 7], "rotation": 90, "texture": "#1"},
				"down": {"uv": [0.25, 6.75, 2.25, 7], "rotation": 90, "texture": "#1"}
			}
		},
		{
			"from": [1, 4, 1.5],
			"to": [2, 12, 3.5],
			"rotation": {"angle": 0, "axis": "y", "origin": [-1, 0, 0]},
			"faces": {
				"north": {"uv": [4, 0, 4.25, 2], "texture": "#1"},
				"east": {"uv": [4, 0, 4.5, 2], "texture": "#1"},
				"south": {"uv": [4.25, 0, 4.5, 2], "texture": "#1"},
				"west": {"uv": [4, 0, 4.5, 2], "texture": "#1"},
				"up": {"uv": [4, 0.25, 4.5, 0], "rotation": 90, "texture": "#1"},
				"down": {"uv": [4.5, 2, 4, 1.75], "rotation": 90, "texture": "#1"}
			}
		},
		{
			"from": [14, 4, 1.5],
			"to": [15, 12, 3.5],
			"rotation": {"angle": 0, "axis": "y", "origin": [12, 0, 0]},
			"faces": {
				"north": {"uv": [4.25, 0, 4.5, 2], "texture": "#1"},
				"east": {"uv": [4, 0, 4.5, 2], "texture": "#1"},
				"south": {"uv": [4, 0, 4.25, 2], "texture": "#1"},
				"west": {"uv": [4, 0, 4.5, 2], "texture": "#1"},
				"up": {"uv": [4.5, 0.25, 4, 0], "rotation": 90, "texture": "#1"},
				"down": {"uv": [4, 2, 4.5, 1.75], "rotation": 90, "texture": "#1"}
			}
		},
		{
			"from": [2, 3, 1],
			"to": [14, 13, 4],
			"faces": {
				"north": {"uv": [0, 3.75, 3, 6.25], "texture": "#1"},
				"east": {"uv": [3.75, 3.75, 3, 6.25], "texture": "#1"},
				"south": {"uv": [0, 3.75, 3, 6.25], "texture": "#1"},
				"west": {"uv": [3.75, 3.75, 3, 6.25], "texture": "#1"},
				"up": {"uv": [3.75, 3.25, 4.5, 6.25], "rotation": 90, "texture": "#1"},
				"down": {"uv": [3.75, 3.25, 4.5, 6.25], "rotation": 90, "texture": "#1"}
			}
		},
		{
			"from": [3, 4.5, 0],
			"to": [13, 11.5, 1],
			"faces": {
				"north": {"uv": [0, 2, 2.5, 3.75], "texture": "#1"},
				"east": {"uv": [0, 2, 0.25, 3.75], "texture": "#1"},
				"west": {"uv": [2.25, 2, 2.5, 3.75], "texture": "#1"},
				"up": {"uv": [2.5, 2.25, 0, 2], "texture": "#1"},
				"down": {"uv": [2.5, 3.75, 0, 3.5], "texture": "#1"}
			}
		}
	],
	"display": {
		"thirdperson_righthand": {
			"rotation": [75, 45, 0],
			"translation": [0, 2.5, 0],
			"scale": [0.375, 0.375, 0.375]
		},
		"thirdperson_lefthand": {
			"rotation": [75, 45, 0],
			"translation": [0, 2.5, 0],
			"scale": [0.375, 0.375, 0.375]
		},
		"firstperson_righthand": {
			"rotation": [0, 45, 0],
			"scale": [0.4, 0.4, 0.4]
		},
		"firstperson_lefthand": {
			"rotation": [0, 225, 0],
			"scale": [0.4, 0.4, 0.4]
		},
		"ground": {
			"translation": [0, 3, 0],
			"scale": [0.4, 0.4, 0.4]
		},
		"gui": {
			"rotation": [30, 225, 0],
			"translation": [-0.5, 0.25, 0],
			"scale": [0.765, 0.765, 0.765]
		},
		"head": {
			"rotation": [0, 180, 90],
			"translation": [0, 0, 1.75]
		},
		"fixed": {
			"rotation": [90, 0, 0],
			"translation": [0, -1.5, 0]
		}
	},
	"groups": [
		{
			"name": "Exchangers",
			"origin": [0, 0, 0],
			"color": 0,
			"children": [0, 1, 2, 3, 4]
		},
		{
			"name": "Exchangers",
			"origin": [0, 0, 0],
			"color": 0,
			"children": [5, 6, 7, 8, 9]
		},
		{
			"name": "center",
			"origin": [8, 8, 8],
			"color": 0,
			"children": [10, 11, 12, 13, 14, 15, 16, 17, 18, 19, 20]
		}
	]
}