{
	"credit": "Made with Blockbench",
	"texture_size": [64, 64],
	"textures": {
		"0": "create_new_age:block/stirling_engine",
		"particle": "create_new_age:block/stirling_engine"
	},
	"elements": [
		{
			"from": [2, 0, 0],
			"to": [14, 16, 3],
			"rotation": {"angle": 0, "axis": "x", "origin": [8, 5, 8]},
			"faces": {
				"north": {"uv": [3, 1.5, 0, 5.5], "rotation": 180, "texture": "#0"},
				"east": {"uv": [0, 0, 4, 0.75], "rotation": 270, "texture": "#0"},
				"south": {"uv": [3, 5.5, 0, 1.5], "texture": "#0"},
				"west": {"uv": [0, 0, 4, 0.75], "rotation": 90, "texture": "#0"},
				"up": {"uv": [0, 0.75, 3, 1.5], "rotation": 180, "texture": "#0"},
				"down": {"uv": [0, 0.75, 3, 1.5], "texture": "#0"}
			}
		},
		{
			"from": [3, 1, 3],
			"to": [13, 15, 12],
			"rotation": {"angle": 0, "axis": "x", "origin": [8, 5, 8]},
			"faces": {
				"east": {"uv": [2.5, 5.5, 6, 7.75], "rotation": 90, "texture": "#0"},
				"south": {"uv": [6.5, 5.5, 3, 3], "rotation": 90, "texture": "#0"},
				"west": {"uv": [2.5, 5.5, 6, 7.75], "rotation": 90, "texture": "#0"},
				"up": {"uv": [0, 5.5, 2.5, 7.75], "rotation": 180, "texture": "#0"},
				"down": {"uv": [0, 7.75, 2.5, 5.5], "rotation": 180, "texture": "#0"}
			}
		},
		{
			"from": [5, 2, 12],
			"to": [11, 14, 14],
			"rotation": {"angle": 0, "axis": "y", "origin": [9, 5, 17]},
			"faces": {
				"east": {"uv": [3, 2.5, 6, 3], "rotation": 270, "texture": "#0"},
				"south": {"uv": [3, 9.25, 0, 7.75], "rotation": 90, "texture": "#0"},
				"west": {"uv": [6, 3, 3, 2.5], "rotation": 270, "texture": "#0"},
				"up": {"uv": [4.5, 2.5, 3, 2], "texture": "#0"},
				"down": {"uv": [3, 2, 4.5, 2.5], "texture": "#0"}
			}
		},
		{
			"from": [6, 9, 14],
			"to": [10, 13, 16],
			"rotation": {"angle": 0, "axis": "y", "origin": [10, 6, 19]},
			"faces": {
				"east": {"uv": [3, 8.75, 4, 9.25], "rotation": 270, "texture": "#0"},
				"south": {"uv": [4, 8.75, 3, 7.75], "texture": "#0"},
				"west": {"uv": [3, 9.25, 4, 8.75], "rotation": 270, "texture": "#0"},
				"up": {"uv": [4, 9.25, 3, 8.75], "texture": "#0"},
				"down": {"uv": [4, 8.75, 3, 9.25], "texture": "#0"}
			}
		},
		{
			"from": [6, 3, 14],
			"to": [10, 7, 16],
			"rotation": {"angle": 0, "axis": "y", "origin": [10, 0, 19]},
			"faces": {
				"east": {"uv": [3, 8.75, 4, 9.25], "rotation": 270, "texture": "#0"},
				"south": {"uv": [4, 8.75, 3, 7.75], "texture": "#0"},
				"west": {"uv": [3, 9.25, 4, 8.75], "rotation": 270, "texture": "#0"},
				"up": {"uv": [4, 9.25, 3, 8.75], "texture": "#0"},
				"down": {"uv": [4, 8.75, 3, 9.25], "texture": "#0"}
			}
		},
		{
			"from": [13, 3, 9.5],
			"to": [15, 7, 9.5],
			"rotation": {"angle": 0, "axis": "x", "origin": [13.5, 5, 7.5]},
			"faces": {
				"north": {"uv": [4, 7.75, 5, 8.25], "rotation": 90, "texture": "#0"},
				"south": {"uv": [4, 7.75, 5, 8.25], "rotation": 90, "texture": "#0"}
			}
		},
		{
			"from": [13, 3, 5.5],
			"to": [15, 7, 5.5],
			"rotation": {"angle": 0, "axis": "y", "origin": [13.5, 5, 3.5]},
			"faces": {
				"north": {"uv": [4, 7.75, 5, 8.25], "rotation": 90, "texture": "#0"},
				"south": {"uv": [4, 7.75, 5, 8.25], "rotation": 90, "texture": "#0"}
			}
		},
		{
			"from": [13, 9, 9.5],
			"to": [15, 13, 9.5],
			"rotation": {"angle": 0, "axis": "y", "origin": [13.5, 11, 7.5]},
			"faces": {
				"north": {"uv": [4, 7.75, 5, 8.25], "rotation": 90, "texture": "#0"},
				"south": {"uv": [4, 7.75, 5, 8.25], "rotation": 90, "texture": "#0"}
			}
		},
		{
			"from": [13, 9, 5.5],
			"to": [15, 13, 5.5],
			"rotation": {"angle": 0, "axis": "y", "origin": [13.5, 11, 3.5]},
			"faces": {
				"north": {"uv": [4, 7.75, 5, 8.25], "rotation": 90, "texture": "#0"},
				"south": {"uv": [4, 7.75, 5, 8.25], "rotation": 90, "texture": "#0"}
			}
		},
		{
			"from": [13.5, 11.5, 3.5],
			"to": [14.5, 12.5, 11.5],
			"rotation": {"angle": 0, "axis": "y", "origin": [13.5, 11, 7.5]},
			"faces": {
				"north": {"uv": [3, 1.25, 3.25, 1.5], "texture": "#0"},
				"east": {"uv": [3, 1.5, 5, 1.75], "texture": "#0"},
				"south": {"uv": [3, 1.25, 3.25, 1.5], "texture": "#0"},
				"west": {"uv": [3, 1.5, 5, 1.75], "texture": "#0"},
				"up": {"uv": [3, 1.5, 5, 1.75], "rotation": 90, "texture": "#0"},
				"down": {"uv": [5, 1.5, 3, 1.75], "rotation": 90, "texture": "#0"}
			}
		},
		{
			"from": [12.5, 11.5, 3.5],
			"to": [13.5, 12.5, 4.5],
			"rotation": {"angle": 0, "axis": "y", "origin": [13.5, 11, 7.5]},
			"faces": {
				"north": {"uv": [3, 1.25, 3.25, 1.5], "rotation": 180, "texture": "#0"},
				"east": {"uv": [3, 1.25, 3.25, 1.5], "rotation": 180, "texture": "#0"},
				"south": {"uv": [3, 1.25, 3.25, 1.5], "rotation": 180, "texture": "#0"},
				"west": {"uv": [3, 1.25, 3.25, 1.5], "rotation": 180, "texture": "#0"},
				"up": {"uv": [3, 1.25, 3.25, 1.5], "rotation": 180, "texture": "#0"},
				"down": {"uv": [3, 1.25, 3.25, 1.5], "rotation": 180, "texture": "#0"}
			}
		},
		{
			"from": [12.5, 11.5, 10.5],
			"to": [13.5, 12.5, 11.5],
			"rotation": {"angle": 0, "axis": "y", "origin": [13.5, 11, 7.5]},
			"faces": {
				"north": {"uv": [3, 1.25, 3.25, 1.5], "rotation": 180, "texture": "#0"},
				"east": {"uv": [3, 1.25, 3.25, 1.5], "rotation": 180, "texture": "#0"},
				"south": {"uv": [3, 1.25, 3.25, 1.5], "rotation": 180, "texture": "#0"},
				"west": {"uv": [3, 1.25, 3.25, 1.5], "rotation": 180, "texture": "#0"},
				"up": {"uv": [3, 1.25, 3.25, 1.5], "rotation": 180, "texture": "#0"},
				"down": {"uv": [3, 1.25, 3.25, 1.5], "rotation": 180, "texture": "#0"}
			}
		},
		{
			"from": [12.5, 9.5, 3.5],
			"to": [13.5, 10.5, 4.5],
			"rotation": {"angle": 0, "axis": "y", "origin": [13.5, 9, 7.5]},
			"faces": {
				"north": {"uv": [3, 1.25, 3.25, 1.5], "rotation": 180, "texture": "#0"},
				"east": {"uv": [3, 1.25, 3.25, 1.5], "rotation": 180, "texture": "#0"},
				"south": {"uv": [3, 1.25, 3.25, 1.5], "rotation": 180, "texture": "#0"},
				"west": {"uv": [3, 1.25, 3.25, 1.5], "rotation": 180, "texture": "#0"},
				"up": {"uv": [3, 1.25, 3.25, 1.5], "rotation": 180, "texture": "#0"},
				"down": {"uv": [3, 1.25, 3.25, 1.5], "rotation": 180, "texture": "#0"}
			}
		},
		{
			"from": [13.5, 9.5, 3.5],
			"to": [14.5, 10.5, 11.5],
			"rotation": {"angle": 0, "axis": "y", "origin": [13.5, 9, 7.5]},
			"faces": {
				"north": {"uv": [3, 1.25, 3.25, 1.5], "texture": "#0"},
				"east": {"uv": [3, 1.5, 5, 1.75], "texture": "#0"},
				"south": {"uv": [3, 1.25, 3.25, 1.5], "texture": "#0"},
				"west": {"uv": [3, 1.5, 5, 1.75], "texture": "#0"},
				"up": {"uv": [3, 1.5, 5, 1.75], "rotation": 90, "texture": "#0"},
				"down": {"uv": [5, 1.5, 3, 1.75], "rotation": 90, "texture": "#0"}
			}
		},
		{
			"from": [12.5, 9.5, 10.5],
			"to": [13.5, 10.5, 11.5],
			"rotation": {"angle": 0, "axis": "y", "origin": [13.5, 9, 7.5]},
			"faces": {
				"north": {"uv": [3, 1.25, 3.25, 1.5], "rotation": 180, "texture": "#0"},
				"east": {"uv": [3, 1.25, 3.25, 1.5], "rotation": 180, "texture": "#0"},
				"south": {"uv": [3, 1.25, 3.25, 1.5], "rotation": 180, "texture": "#0"},
				"west": {"uv": [3, 1.25, 3.25, 1.5], "rotation": 180, "texture": "#0"},
				"up": {"uv": [3, 1.25, 3.25, 1.5], "rotation": 180, "texture": "#0"},
				"down": {"uv": [3, 1.25, 3.25, 1.5], "rotation": 180, "texture": "#0"}
			}
		},
		{
			"from": [12.5, 5.5, 3.5],
			"to": [13.5, 6.5, 4.5],
			"rotation": {"angle": 0, "axis": "x", "origin": [13.5, 5, 7.5]},
			"faces": {
				"north": {"uv": [3, 1.25, 3.25, 1.5], "rotation": 180, "texture": "#0"},
				"east": {"uv": [3, 1.25, 3.25, 1.5], "rotation": 180, "texture": "#0"},
				"south": {"uv": [3, 1.25, 3.25, 1.5], "rotation": 180, "texture": "#0"},
				"west": {"uv": [3, 1.25, 3.25, 1.5], "rotation": 180, "texture": "#0"},
				"up": {"uv": [3, 1.25, 3.25, 1.5], "rotation": 180, "texture": "#0"},
				"down": {"uv": [3, 1.25, 3.25, 1.5], "rotation": 180, "texture": "#0"}
			}
		},
		{
			"from": [13.5, 5.5, 3.5],
			"to": [14.5, 6.5, 11.5],
			"rotation": {"angle": 0, "axis": "x", "origin": [13.5, 5, 7.5]},
			"faces": {
				"north": {"uv": [3, 1.25, 3.25, 1.5], "texture": "#0"},
				"east": {"uv": [3, 1.5, 5, 1.75], "texture": "#0"},
				"south": {"uv": [3, 1.25, 3.25, 1.5], "texture": "#0"},
				"west": {"uv": [3, 1.5, 5, 1.75], "texture": "#0"},
				"up": {"uv": [3, 1.5, 5, 1.75], "rotation": 90, "texture": "#0"},
				"down": {"uv": [5, 1.5, 3, 1.75], "rotation": 90, "texture": "#0"}
			}
		},
		{
			"from": [12.5, 5.5, 10.5],
			"to": [13.5, 6.5, 11.5],
			"rotation": {"angle": 0, "axis": "x", "origin": [13.5, 5, 7.5]},
			"faces": {
				"north": {"uv": [3, 1.25, 3.25, 1.5], "rotation": 180, "texture": "#0"},
				"east": {"uv": [3, 1.25, 3.25, 1.5], "rotation": 180, "texture": "#0"},
				"south": {"uv": [3, 1.25, 3.25, 1.5], "rotation": 180, "texture": "#0"},
				"west": {"uv": [3, 1.25, 3.25, 1.5], "rotation": 180, "texture": "#0"},
				"up": {"uv": [3, 1.25, 3.25, 1.5], "rotation": 180, "texture": "#0"},
				"down": {"uv": [3, 1.25, 3.25, 1.5], "rotation": 180, "texture": "#0"}
			}
		},
		{
			"from": [12.5, 3.5, 3.5],
			"to": [13.5, 4.5, 4.5],
			"rotation": {"angle": 0, "axis": "y", "origin": [13.5, 3, 7.5]},
			"faces": {
				"north": {"uv": [3, 1.25, 3.25, 1.5], "rotation": 180, "texture": "#0"},
				"east": {"uv": [3, 1.25, 3.25, 1.5], "rotation": 180, "texture": "#0"},
				"south": {"uv": [3, 1.25, 3.25, 1.5], "rotation": 180, "texture": "#0"},
				"west": {"uv": [3, 1.25, 3.25, 1.5], "rotation": 180, "texture": "#0"},
				"up": {"uv": [3, 1.25, 3.25, 1.5], "rotation": 180, "texture": "#0"},
				"down": {"uv": [3, 1.25, 3.25, 1.5], "rotation": 180, "texture": "#0"}
			}
		},
		{
			"from": [13.5, 3.5, 3.5],
			"to": [14.5, 4.5, 11.5],
			"rotation": {"angle": 0, "axis": "y", "origin": [13.5, 3, 7.5]},
			"faces": {
				"north": {"uv": [3, 1.25, 3.25, 1.5], "texture": "#0"},
				"east": {"uv": [3, 1.5, 5, 1.75], "texture": "#0"},
				"south": {"uv": [3, 1.25, 3.25, 1.5], "texture": "#0"},
				"west": {"uv": [3, 1.5, 5, 1.75], "texture": "#0"},
				"up": {"uv": [3, 1.5, 5, 1.75], "rotation": 90, "texture": "#0"},
				"down": {"uv": [5, 1.5, 3, 1.75], "rotation": 90, "texture": "#0"}
			}
		},
		{
			"from": [12.5, 3.5, 10.5],
			"to": [13.5, 4.5, 11.5],
			"rotation": {"angle": 0, "axis": "y", "origin": [13.5, 3, 7.5]},
			"faces": {
				"north": {"uv": [3, 1.25, 3.25, 1.5], "rotation": 180, "texture": "#0"},
				"east": {"uv": [3, 1.25, 3.25, 1.5], "rotation": 180, "texture": "#0"},
				"south": {"uv": [3, 1.25, 3.25, 1.5], "rotation": 180, "texture": "#0"},
				"west": {"uv": [3, 1.25, 3.25, 1.5], "rotation": 180, "texture": "#0"},
				"up": {"uv": [3, 1.25, 3.25, 1.5], "rotation": 180, "texture": "#0"},
				"down": {"uv": [3, 1.25, 3.25, 1.5], "rotation": 180, "texture": "#0"}
			}
		}
	],
	"groups": [
		0,
		1,
		2,
		3,
		4,
		5,
		6,
		7,
		8,
		{
			"name": "group",
			"origin": [13.5, 11, 7.5],
			"color": 0,
			"children": [9, 10, 11]
		},
		{
			"name": "group",
			"origin": [13.5, 9, 7.5],
			"color": 0,
			"children": [12, 13, 14]
		},
		{
			"name": "group",
			"origin": [13.5, 5, 7.5],
			"color": 0,
			"children": [15, 16, 17]
		},
		{
			"name": "group",
			"origin": [13.5, 3, 7.5],
			"color": 0,
			"children": [18, 19, 20]
		}
	]
}