{
  "name": "悬浮",
  "icon": "minecraft:cobweb",
  "category": "bloodmagic:alchemy_table/potion_flasks/blood_magic",
  "pages": [
    {
      "type": "patchouli:text",
      "text": "$(thing)悬浮$()阻止目标跳跃，坠落，或以任何形式受到引力影响。然而它们仍然可以进行移动，就象在平坦、永无止境的冰上滑行。$(br2)由$(l:bloodmagic:alchemy_table/potion_flasks/blood_magic/gravity)引力$()效果药水所制作。"
    },
    {
      "type": "bloodmagic:3x_crafting_flask",
      "a.heading": "悬浮 (3:00)",
      "a.recipe": "bloodmagic:flask/gravity_to_suspended",
      "b.heading": "悬浮 (8:00)",
      "b.recipe": "bloodmagic:flask/length_suspended",
      "c.heading": "悬浮 (21:20)",
      "c.recipe": "bloodmagic:flask/length_average_suspended"
    }
  ]
}
