{
  "name": "激活水晶",
  "icon": "bloodmagic:activationcrystalweak",
  "category": "bloodmagic:rituals",
  "pages": [
    {
      "type": "patchouli:text",
      "text": "你的仪式需要的不仅是方块和印记的正确组合。还要打开从灵魂网络到仪式的信道，$(item)激活水晶$()能使你完成这件事。"
    },
    {
      "type": "bloodmagic:crafting_altar",
      "heading": "虚弱激活水晶",
      "recipe": "bloodmagic:weak_activation_crystal",
      "text": "按下[$(k:use)]使激活水晶活化主仪式石 - 如果组合是正确的。",
      "anchor": "weak"
    }
  ]
}
