{
  "name": "制作仪式",
  "icon": "minecraft:crafting_table",
  "category": "bloodmagic:rituals/ritual_list",
  "pages": [
    {
      "type": "multiblock",
      "name": "制作仪式",
      "multiblock_id": "bloodmagic:crafting",
      "text": "使用$(l:bloodmagic:rituals/ritual_diviner#dusk)仪式占卜杖 [薄暮]$(/l)以方便建造。"
    },
    {
      "type": "bloodmagic:ritual_info",
      "ritual": "crafting",
    "text_overrides": [
      ["Item Filter", "l:bloodmagic:demon_will/item_routing/standard_item_filter"]
    ]
    },
    {
      "type": "patchouli:text",
      "text": "$(thing)制作仪式$()一种强大并且多功能的仪式，能够让你同时自动制作$(l:bloodmagic:alchemy_table/alchemy_table)炼金桌$()或$(l:bloodmagic:demon_will/will_manipulation/soul_forge)狱火锻造炉$()的配方(如果适当增强的话)。然而，它可能有些复杂，所以以下是它的教学。$(br2)每个仪式可以处理1个配方。"
    },
    {
      "type": "patchouli:text",
      "text": "首先,我们需要指定我们希望仪式制作的配方。这可以使用物品过滤器完成。$(br2)可以使用多种类型的过滤器，但仪式一次只接受一个过滤器，任何其他的过滤器将会被忽略。"
    },
    {
      "type": "patchouli:text",
      "text": "接受以下过滤器: $(li)标准物品过滤器:准确指定每个槽使用哪个物品。$(li)标签物品过滤器:使用$(thing)标签$()指定使用哪些物品。例如，如果一个配方需要任何种类的石头(可以使用安山岩，花岗岩等)，你可以在过滤器中设置forge:stone。 $(li)模块物品过滤器:这将尝试在槽位中使用指定模块的任何物品。"
    },
    {
      "type": "patchouli:image",
      "images": [
        "bloodmagic:images/entries/ritual/autocraft/filter_pickaxe.png"
      ],
      "title": "示范过滤器",
      "border": true,
      "text": "一个标准物品过滤器被设置为自动制作$(item)石镐$()。"
    },
    {
      "type": "patchouli:text",
      "text": "接下来，物品过滤器必须被放置上仪式上，在范例图中，我们使用了$(item)物品展示框$()，然而，可以使用储物箱进行替代。注意，如果你把多个$(item)过滤器$()插入在储物箱，只有第一个过滤器会被使用。$(br2)缺省情况下，输入箱和输出箱在同一点;然而这能够使用$(l:bloodmagic:rituals/ritual_tinkerer)仪式调整杖进行调整。$()这对重复使用某些组件的配方很有用，象是你的$(l:bloodmagic:altar/soul_network)血宝珠$()。"
    },
    {
      "type": "patchouli:image",
      "images": [
        "bloodmagic:images/entries/ritual/autocraft/default_placement.png",
        "bloodmagic:images/entries/ritual/autocraft/optional_placement.png"
      ],
      "title": "放置的过滤器",
      "border": true,
      "text": "一个在正常位置的储物箱及过滤器，以及$(l:bloodmagic:rituals/ritual_tinkerer)调整过$()有输出输入储物箱的仪式。"
    },
    {
      "type": "patchouli:text",
      "text": "如果你在仪式中提供$(steadfast)坚毅$()或是$(corrosive)腐蚀$()意志，那麽仪式将试图分别使用$(l:bloodmagic:demon_will/will_manipulation/soul_forge)狱火锻造炉$()或$(l:bloodmagic:alchemy_table/alchemy_table)炼金桌$()。这些配方都是不定形的，但如果你需要使用一种物品中的两个，你就必须在过滤器中指定它两次。"
    },
    {
      "type": "patchouli:image",
      "images": [
        "bloodmagic:images/entries/ritual/autocraft/catalyst_recipe.png"
      ],
      "title": "炼金过滤器",
      "border": true,
      "text": "一个被设置为制作$(l:bloodmagic:alchemy_table/potions)简易催化剂$()的过滤器。"
    },
    {
      "type": "bloodmagic:ritual_data",
      "ritual": "crafting",
      "page_type": "recipeRange",
      "text_overrides": [
        ["Item Filter", "l:bloodmagic:demon_will/item_routing/standard_item_filter"]
      ],
      "text": "支持$(l:bloodmagic:demon_will/item_routing/standard_item_filter)标准$()，$(l:bloodmagic:demon_will/item_routing/tag_item_filter)标签$()，以及$(l:bloodmagic:demon_will/item_routing/mod_item_filter)模块物品过滤器$()。"
    },
    {
      "type": "bloodmagic:ritual_data",
      "ritual": "crafting",
      "page_type": "inputRange"
    },
    {
      "type": "bloodmagic:ritual_data",
      "ritual": "crafting",
      "page_type": "outputRange"
    },
    {
      "type": "bloodmagic:ritual_data",
      "ritual": "crafting",
      "page_type": "outputFilterRange",
      "text_overrides": [
        ["filter", "l:bloodmagic:demon_will/item_routing/standard_item_filter"]
      ],
      "text": "支持$(l:bloodmagic:demon_will/item_routing/standard_item_filter)标准$()，$(l:bloodmagic:demon_will/item_routing/tag_item_filter)标签$()，以及$(l:bloodmagic:demon_will/item_routing/mod_item_filter)模块物品过滤器$()。"
    },
    {
      "type": "bloodmagic:ritual_data",
      "ritual": "crafting",
      "page_type": "hellforgedRange"
    },
    {
      "type": "bloodmagic:ritual_data",
      "ritual": "crafting",
      "page_type": "steadfast"
    },
    {
      "type": "bloodmagic:ritual_data",
      "ritual": "crafting",
      "page_type": "corrosive"
    }
  ]
}
