{
  "name": "牧羊人仪式",
  "icon": "minecraft:white_wool",
  "category": "bloodmagic:rituals/ritual_list",
  "pages": [
    {
      "type": "multiblock",
      "name": "牧羊人仪式",
      "multiblock_id": "bloodmagic:animal_growth",
      "text": "使用$(l:bloodmagic:rituals/ritual_diviner#dusk)仪式占卜杖 [薄暮]$(/l)以方便建造。"
    },
    {
      "type": "bloodmagic:ritual_info",
      "ritual": "animal_growth"
    },
    {
      "type": "bloodmagic:ritual_data",
      "ritual": "animal_growth",
      "page_type": "raw",
      "text_overrides": [
        ["Raw Will", "raw"]
      ]
    },
    {
      "type": "bloodmagic:ritual_data",
      "ritual": "animal_growth",
      "page_type": "vengeful"
    },
    {
      "type": "bloodmagic:ritual_data",
      "ritual": "animal_growth",
      "page_type": "destructive"
    },
    {
      "type": "bloodmagic:ritual_data",
      "ritual": "animal_growth",
      "page_type": "steadfast",
      "text_overrides": [
        ["chest", "item"]
      ]
    },
    {
      "type": "bloodmagic:ritual_data",
      "ritual": "animal_growth",
      "page_type": "growing"
    },
    {
      "type": "bloodmagic:ritual_data",
      "ritual": "animal_growth",
      "page_type": "chest",
      "text": "需要$(steadfast)坚毅意志$()。"
    }
  ]
}
