{
  "name": "粉碎仪式",
  "icon": "minecraft:iron_pickaxe",
  "category": "bloodmagic:rituals/ritual_list",
  "pages": [
    {
      "type": "multiblock",
      "name": "粉碎仪式",
      "multiblock_id": "bloodmagic:crushing",
      "text": "使用$(l:bloodmagic:rituals/ritual_diviner#dusk)仪式占卜杖 [薄暮]$(/l)以方便建造。"
    },
    {
      "type": "bloodmagic:ritual_info",
      "ritual": "crushing"
    },
    {
      "type": "bloodmagic:ritual_data",
      "ritual": "crushing",
      "page_type": "raw",
      "text_overrides": [
        ["Raw Will", "raw"]
      ]
    },
    {
      "type": "bloodmagic:ritual_data",
      "ritual": "crushing",
      "page_type": "corrosive",
      "text_overrides": [
        ["Cutting Fluid", "l:bloodmagic:alchemy_table/alchemy_table#cutting_fluid"],
        ["Silk Touch", "item"]
      ]
    },
    {
      "type": "bloodmagic:ritual_data",
      "ritual": "crushing",
      "page_type": "vengeful",
      "text": "例如，它能将煤碳压缩为煤炭方块，红石粉压缩为红石方块。"
    },
    {
      "type": "bloodmagic:ritual_data",
      "ritual": "crushing",
      "page_type": "destructive",
      "text_overrides": [
        ["Fortune III", "item"]
      ]
    },
    {
      "type": "bloodmagic:ritual_data",
      "ritual": "crushing",
      "page_type": "steadfast",
      "text_overrides": [
        ["Silk Touch", "item"],
        ["Fortune", "item"]
      ]
    },
    {
      "type": "bloodmagic:ritual_data",
      "ritual": "crushing",
      "page_type": "chest"
    },
    {
      "type": "bloodmagic:ritual_data",
      "ritual": "crushing",
      "page_type": "crushingRange"
    }
  ]
}
