{
  "name": "狱火锻造炉",
  "icon": "bloodmagic:soulforge",
  "category": "bloodmagic:demon_will/will_manipulation",
  "pages": [
    {
      "type": "patchouli:text",
      "text": "$(item)狱火锻造炉$()是$(blood)Blood Magic$()的核心制作设备之一，与$(l:bloodmagic:altar/blood_altar)血祭坛$(/l)地位相同。在此，你能够使用从生物中获得的$(l:bloodmagic:demon_will/will_manipulation/demon_will)恶魔意志$()使其运作，以便让你锻造$(l:bloodmagic:demon_will/demonic_items/sentient_tools)感知工具$()，包含$(l:bloodmagic:demon_will/demonic_items/sentient_sword)感知之剑$()， $(l:bloodmagic:demon_will/will_manipulation/soul_gem)下界魂石$()，各类$(item)试剂$()，$(l:bloodmagic:alchemy_array/functional_arrays/arcane_ash)奥术灰尽$()，以及诸多物品。"
    },
    {
      "type": "patchouli:crafting",
      "recipe": "bloodmagic:soul_forge"
    }
  ]
}
