{
  "name": "血祭坛",
  "icon": "bloodmagic:altar",
  "category": "bloodmagic:altar",
  "priority": "true",
  "extra_recipe_mappings": {
    "bloodmagic:daggerofsacrifice": 13
    },
  "pages": [
    {
      "type": "patchouli:text",
      "text": "$(item)血祭坛$()是模块的核心部分，能够将$(blood)血液$()转化为$(blood)生命精华$()。虽然一开始可能很小，并微不足道，但他的力量和槼模将会不断成长，作为你大部份力量的基础。"
    },
    {
      "type": "patchouli:crafting",
      "recipe": "bloodmagic:blood_altar"
    },
    {
      "type": "patchouli:text",
      "text": "当$(item)血祭坛$()被放置时，会将$(blood)血液$()转换为$(blood)生命精华$()，并用其转化放在上面的物品。当你看像祭坛时按下[$(k:use)]，你够将你手中的物品放上祭坛。空手时按下[$(k:use)]则能够取出。"
    },
    {
      "type": "multiblock",
      "name": "阶级1血祭坛",
      "multiblock_id": "bloodmagic:altar_one",
      "text": "一级血祭坛，没有任何符文。"
    },
    {
      "type": "patchouli:text",
      "text": "为了让你能够将\"$(blood)LP$()\"，作为$(blood)生命精华$()，首先需要制作$(item)牺牲匕首$()。透过对着空气按下[$(k:use)]，你能够从一颗心\"提取\" $(blood)200 LP$()，并将其存入附近的祭坛中。祭坛的初始最大容量为10,000LP，盆中显示的血量为填充百分比。$(l:bloodmagic:alchemy_array/sigil/divination)占卜印记$(/l)能够让你查看更多信息。"
    },
    {
      "type": "patchouli:crafting",
      "recipe": "bloodmagic:sacrificial_dagger",
      "anchor": "knife",
      "text": "请记住，祭坛所容纳的总量10%$(blood)LP$()将会被吸收到内部无形的＂储罐＂中，用于输入或输出$(blood)生命精华$()到祭坛中。"
    },
    {
      "type": "patchouli:text",
      "text": "一但玩家将物品放上祭坛，便会开始尝试制作(或定期5秒)。$(blood)LP$()祭坛内的液体将会慢慢蒸发(红色粒子)，使物品转变。如果祭坛中没有足够的$(blood)LP$()，灰色的粒子将会出现，表示祭坛正在遗失进度。一但有充足的$(blood)LP$()将会被消耗(成本乘以物品堆栈的数量)，整个堆栈将被转化为新的物品。"
    },
    {
      "type": "patchouli:text",
      "text": "你要制作的第一个物品为$(l:bloodmagic:altar/soul_network)微弱血宝珠$(/l)，缺省情况下在一级血祭坛中放上钻石加上$(blood)2000 LP$()。所有可以用血祭坛制作的物品都能使用(JEI)找到。"
    },
    {
      "type": "patchouli:text",
	  "anchor": "blank_rune",
      "text": "要升级血祭坛，你需要制作$(item)血符文$()并将它们放在祭坛周围。透过使用更高级的血符文，将能够赋予血祭坛不同的效果。最基本的版本为，$(item)空白符文$()，不提供任何效果 - 唯一用途为提升血祭坛阶级。"
    },
    {
      "type": "patchouli:crafting",
      "recipe": "bloodmagic:blood_rune_blank"
    },
    {
      "type": "patchouli:text",
      "text": "为了将血祭坛提升至阶级2，你必须在周围放置8个$(item)血符文$()。这些符文可以进行升级，但位于角落的符文在达到阶级3之前无法升级。"
    },
    {
      "type": "multiblock",
      "name": "阶级2血祭坛",
      "multiblock_id": "bloodmagic:altar_two",
      "text": "阶级2血祭坛，总共有8个符文。"
    },
    {
      "type": "patchouli:text",
	  "anchor": "dagger_of_sacrifice",
      "text": "现在你有了阶级2的血祭坛，你可以考虑从除了自己之外的地方获取$(blood)生命精华$()。$(item)献祭刀$()能够使你献祭在祭坛2格内的生物(怪物或一般生物)，这将会立即杀死他们并且获取大量的$(blood)LP$()。你可以透过以下方法增加产量$(l:bloodmagic:altar/blood_rune/sacrifice_rune)献祭符文$()。不同的生物将给予不同数量的$(blood)LP$()。确认你的config来获取信息。"
    },
    {
      "type": "bloodmagic:crafting_altar",
      "heading": "献祭刀",
      "recipe": "bloodmagic:altar/daggerofsacrifice",
      "text": "屠杀村民获得乐趣及利益!"
    },
    {
      "type": "patchouli:text",
      "text": "要升级血祭坛至阶级3，需要沿着边往下一格并远离1格後各放置5个$(item)血符文$()。之后在新的符文环上开始，每个角落放上两个方块(由$(item)石砖$()示范)，最上方放上$(item)荧光石$()。$(br)要确认是否成功，使用$(l:bloodmagic:alchemy_array/sigil/divination)占卜印记$(/l)确认阶级。注意，任何方块都能用于荧光石下的柱子。"
    },
    {
      "type": "multiblock",
      "name": "阶级3血祭坛",
      "multiblock_id": "bloodmagic:altar_three",
      "text": "阶级3血祭坛，总共有28个符文，比阶级2多20个，每边5个。"
    },
    {
      "type": "patchouli:text",
      "text": "要升级血祭坛至阶级4，需要沿着边往下一格并远离1格後各放置7个$(item)血符文$()。之后在新的符文环上开始，每个角落放上4个方块，然后在柱子顶端放上$(l:bloodmagic:utility/bloodstone_bricks)血石砖$(/l)或者$(l:bloodmagic:utility/bloodstone_bricks)大血石砖$(/l)。"
    },
    {
      "type": "multiblock",
      "name": "阶级4血祭坛",
      "multiblock_id": "bloodmagic:altar_four",
      "text": "阶级4血祭坛，总共有56个符文，比阶级3多28个，每边7个。"
    },
    {
      "type": "patchouli:text",
      "text": "要升级血祭坛至阶级5，需要沿着边往下一格并远离2格後各放置13个$(item)血符文$()。并在每个角落放上$(l:bloodmagic:dungeons/demonite)狱火锻造块$()。你将不得不去$(thing)魔域$()获取这种稀有金属。"
    },
    {
      "type": "multiblock",
      "name": "阶级5血祭坛",
      "multiblock_id": "bloodmagic:altar_five",
      "text": "阶级5血祭坛，总共有108个符文，比阶级4多52个， 每边13个"
    }
  ]
}
