{
	"credit": "Made with Blockbench",
	"texture_size": [32, 32],
	"textures": {
		"1": "create_new_age:block/electrical_connector",
		"particle": "create:block/industrial_iron_block"
	},
	"elements": [
		{
			"from": [4, 1, 7],
			"to": [12, 2, 9],
			"rotation": {"angle": 0, "axis": "y", "origin": [8, 1.5, 8]},
			"faces": {
				"north": {"uv": [10.5, 6, 10, 5], "rotation": 90, "texture": "#1"},
				"east": {"uv": [10.5, 6, 10, 5], "rotation": 90, "texture": "#1"},
				"south": {"uv": [13.5, 5, 14, 6], "rotation": 90, "texture": "#1"},
				"west": {"uv": [13.5, 5, 14, 6], "rotation": 90, "texture": "#1"},
				"up": {"uv": [14, 6, 10, 5], "rotation": 180, "texture": "#1"},
				"down": {"uv": [10, 7, 14, 6], "rotation": 180, "texture": "#1"}
			}
		},
		{
			"from": [5, 1, 5],
			"to": [11, 2, 11],
			"rotation": {"angle": 0, "axis": "y", "origin": [7, 2, 7]},
			"faces": {
				"north": {"uv": [6.5, 2.5, 9.5, 3], "texture": "#1"},
				"east": {"uv": [7, 3, 6.5, 0], "rotation": 90, "texture": "#1"},
				"south": {"uv": [9.5, 0, 6.5, 0.5], "texture": "#1"},
				"west": {"uv": [9, 0, 9.5, 3], "rotation": 90, "texture": "#1"},
				"up": {"uv": [6.5, 0, 9.5, 3], "texture": "#1"},
				"down": {"uv": [9.5, 3, 6.5, 6], "texture": "#1"}
			}
		},
		{
			"from": [6, 0, 6],
			"to": [10, 1, 10],
			"rotation": {"angle": 0, "axis": "y", "origin": [7, 1, 7]},
			"faces": {
				"north": {"uv": [9.5, 4.5, 11.5, 5], "texture": "#1"},
				"east": {"uv": [9.5, 3, 10, 5], "rotation": 90, "texture": "#1"},
				"south": {"uv": [9.5, 3, 11.5, 3.5], "texture": "#1"},
				"west": {"uv": [11, 3, 11.5, 5], "rotation": 90, "texture": "#1"},
				"down": {"uv": [13.5, 3, 11.5, 5], "texture": "#1"}
			}
		},
		{
			"from": [4.5, 2, 4.5],
			"to": [11.5, 3, 11.5],
			"rotation": {"angle": 0, "axis": "y", "origin": [7, 1, 7]},
			"faces": {
				"north": {"uv": [0, 6.5, 3.5, 7], "texture": "#1"},
				"east": {"uv": [0, 7, 0.5, 3.5], "rotation": 90, "texture": "#1"},
				"south": {"uv": [3.5, 3.5, 0, 4], "texture": "#1"},
				"west": {"uv": [3, 3.5, 3.5, 7], "rotation": 90, "texture": "#1"},
				"up": {"uv": [3.5, 3.5, 0, 0], "texture": "#1"},
				"down": {"uv": [3.5, 3.5, 0, 7], "texture": "#1"}
			}
		},
		{
			"from": [5, 4, 5],
			"to": [11, 5, 11],
			"rotation": {"angle": 0, "axis": "y", "origin": [7, 3, 7]},
			"faces": {
				"north": {"uv": [3.5, 6, 6.5, 5.5], "texture": "#1"},
				"east": {"uv": [4, 6, 3.5, 3], "rotation": 90, "texture": "#1"},
				"south": {"uv": [6.5, 3.5, 3.5, 3], "texture": "#1"},
				"west": {"uv": [6.5, 6, 6, 3], "rotation": 270, "texture": "#1"},
				"up": {"uv": [6.5, 3, 3.5, 0], "texture": "#1"},
				"down": {"uv": [6.5, 3, 3.5, 6], "texture": "#1"}
			}
		},
		{
			"from": [4.6113, 0.56843, 7.5],
			"to": [4.6113, 3.56843, 8.5],
			"rotation": {"angle": -22.5, "axis": "z", "origin": [7.90415, 2.82082, 8]},
			"faces": {
				"north": {"uv": [12.5, 12.5, 12.75, 14], "texture": "#1"},
				"east": {"uv": [6.5, 5, 7, 6.5], "texture": "#1"},
				"south": {"uv": [0, 13, 0.25, 14.5], "texture": "#1"},
				"west": {"uv": [9.5, 5, 10, 6.5], "texture": "#1"},
				"up": {"uv": [2.25, 10, 2, 9.5], "texture": "#1"},
				"down": {"uv": [4.75, 11, 4.5, 11.5], "texture": "#1"}
			}
		},
		{
			"from": [6.99954, 1, 3.99954],
			"to": [8.99954, 2, 11.99954],
			"rotation": {"angle": 0, "axis": "y", "origin": [7.99954, 2.44291, 8]},
			"faces": {
				"north": {"uv": [10.5, 6, 10, 5], "rotation": 90, "texture": "#1"},
				"east": {"uv": [14, 5.5, 10, 5], "texture": "#1"},
				"south": {"uv": [13.5, 5, 14, 6], "rotation": 90, "texture": "#1"},
				"west": {"uv": [10, 5.5, 14, 6], "texture": "#1"},
				"up": {"uv": [14, 6, 10, 5], "rotation": 270, "texture": "#1"},
				"down": {"uv": [14, 6, 10, 7], "rotation": 90, "texture": "#1"}
			}
		},
		{
			"from": [7.49954, 0.5028, 4.47455],
			"to": [8.49954, 3.5028, 4.47455],
			"rotation": {"angle": 22.5, "axis": "x", "origin": [7.99954, 2.44291, 8]},
			"faces": {
				"north": {"uv": [9.5, 5, 10, 6.5], "texture": "#1"},
				"east": {"uv": [0, 13, 0.25, 14.5], "texture": "#1"},
				"south": {"uv": [6.5, 5, 7, 6.5], "texture": "#1"},
				"west": {"uv": [12.5, 12.5, 12.75, 14], "texture": "#1"},
				"up": {"uv": [2.25, 10, 2, 9.5], "rotation": 270, "texture": "#1"},
				"down": {"uv": [4.75, 11, 4.5, 11.5], "rotation": 90, "texture": "#1"}
			}
		},
		{
			"from": [7.49954, 0.50316, 11.5256],
			"to": [8.49954, 3.50316, 11.5256],
			"rotation": {"angle": -22.5, "axis": "x", "origin": [7.99954, 2.44291, 8]},
			"faces": {
				"north": {"uv": [6.5, 5, 7, 6.5], "texture": "#1"},
				"east": {"uv": [0, 13, 0.25, 14.5], "texture": "#1"},
				"south": {"uv": [9.5, 5, 10, 6.5], "texture": "#1"},
				"west": {"uv": [12.5, 12.5, 12.75, 14], "texture": "#1"},
				"up": {"uv": [2.25, 10, 2, 9.5], "rotation": 270, "texture": "#1"},
				"down": {"uv": [4.75, 11, 4.5, 11.5], "rotation": 90, "texture": "#1"}
			}
		},
		{
			"from": [11.42505, 1.88544, 7.5],
			"to": [11.42505, 4.88544, 8.5],
			"rotation": {"angle": 22.5, "axis": "z", "origin": [11.42505, 3.38544, 8]},
			"faces": {
				"north": {"uv": [12.5, 12.5, 12.75, 14], "texture": "#1"},
				"east": {"uv": [9.5, 5, 10, 6.5], "texture": "#1"},
				"south": {"uv": [0, 13, 0.25, 14.5], "texture": "#1"},
				"west": {"uv": [6.5, 5, 7, 6.5], "texture": "#1"},
				"up": {"uv": [2.25, 10, 2, 9.5], "texture": "#1"},
				"down": {"uv": [4.75, 11, 4.5, 11.5], "texture": "#1"}
			}
		},
		{
			"from": [5.5, 3, 5.5],
			"to": [10.5, 4, 10.5],
			"rotation": {"angle": 0, "axis": "y", "origin": [8, 3.7, 8]},
			"faces": {
				"north": {"uv": [11, 2.5, 13.5, 3], "texture": "#1"},
				"east": {"uv": [11, 2.5, 13.5, 3], "texture": "#1"},
				"south": {"uv": [11, 2.5, 13.5, 3], "texture": "#1"},
				"west": {"uv": [11, 2.5, 13.5, 3], "texture": "#1"}
			}
		},
		{
			"from": [6, 5, 6],
			"to": [10, 10, 10],
			"rotation": {"angle": 0, "axis": "y", "origin": [7, 1, 7]},
			"faces": {
				"north": {"uv": [11, 0, 13, 2.5], "texture": "#1"},
				"east": {"uv": [11, 0, 13, 2.5], "texture": "#1"},
				"south": {"uv": [11, 0, 13, 2.5], "texture": "#1"},
				"west": {"uv": [11, 0, 13, 2.5], "texture": "#1"},
				"up": {"uv": [15, 2, 13, 0], "texture": "#1"},
				"down": {"uv": [2, 9.5, 0, 11.5], "texture": "#1"}
			}
		},
		{
			"from": [6.5, 10, 6.5],
			"to": [9.5, 11, 9.5],
			"rotation": {"angle": 0, "axis": "y", "origin": [7, 2.5, 7]},
			"faces": {
				"north": {"uv": [9.5, 2.5, 11, 3], "texture": "#1"},
				"east": {"uv": [9.5, 1.5, 10, 3], "rotation": 270, "texture": "#1"},
				"south": {"uv": [9.5, 1.5, 11, 2], "rotation": 180, "texture": "#1"},
				"west": {"uv": [10.5, 1.5, 11, 3], "rotation": 90, "texture": "#1"},
				"up": {"uv": [11, 1.5, 9.5, 0], "texture": "#1"},
				"down": {"uv": [11, 1.5, 9.5, 3], "texture": "#1"}
			}
		},
		{
			"from": [8, 5, 5],
			"to": [8, 6, 6],
			"rotation": {"angle": 0, "axis": "y", "origin": [6, 5, 8]},
			"faces": {
				"east": {"uv": [15, 2, 15.5, 2.5], "texture": "#1"},
				"west": {"uv": [15, 2, 15.5, 2.5], "texture": "#1"}
			}
		},
		{
			"from": [8, 6, 4],
			"to": [8, 7, 5],
			"rotation": {"angle": 0, "axis": "y", "origin": [6, 5, 8]},
			"faces": {
				"east": {"uv": [14.5, 2, 15, 2.5], "texture": "#1"},
				"west": {"uv": [14.5, 2, 15, 2.5], "texture": "#1"}
			}
		},
		{
			"from": [8, 7, 5],
			"to": [8, 8, 6],
			"rotation": {"angle": 0, "axis": "y", "origin": [6, 5, 8]},
			"faces": {
				"east": {"uv": [14, 2, 14.5, 2.5], "texture": "#1"},
				"west": {"uv": [14, 2, 14.5, 2.5], "texture": "#1"}
			}
		},
		{
			"from": [8, 8, 4],
			"to": [8, 9, 5],
			"rotation": {"angle": 0, "axis": "y", "origin": [6, 5, 8]},
			"faces": {
				"east": {"uv": [13.5, 2, 14, 2.5], "texture": "#1"},
				"west": {"uv": [13.5, 2, 14, 2.5], "texture": "#1"}
			}
		},
		{
			"from": [8, 9, 5],
			"to": [8, 10, 6],
			"rotation": {"angle": 0, "axis": "y", "origin": [6, 5, 8]},
			"faces": {
				"east": {"uv": [13, 2, 13.5, 2.5], "texture": "#1"},
				"west": {"uv": [13, 2, 13.5, 2.5], "texture": "#1"}
			}
		},
		{
			"from": [8, 10, 6],
			"to": [8, 11, 7],
			"rotation": {"angle": 0, "axis": "y", "origin": [6, 5, 8]},
			"faces": {
				"east": {"uv": [13, 2, 13.5, 2.5], "texture": "#1"},
				"west": {"uv": [13, 2, 13.5, 2.5], "texture": "#1"}
			}
		},
		{
			"from": [8, 5, 10],
			"to": [8, 6, 11],
			"rotation": {"angle": 0, "axis": "y", "origin": [8, 5, 8]},
			"faces": {
				"east": {"uv": [15, 2, 15.5, 2.5], "texture": "#1"},
				"west": {"uv": [15, 2, 15.5, 2.5], "texture": "#1"}
			}
		},
		{
			"from": [5, 9, 8],
			"to": [6, 10, 8],
			"rotation": {"angle": 0, "axis": "y", "origin": [8, 5, 8]},
			"faces": {
				"north": {"uv": [13, 2, 13.5, 2.5], "texture": "#1"},
				"south": {"uv": [13, 2, 13.5, 2.5], "texture": "#1"}
			}
		},
		{
			"from": [6, 10, 8],
			"to": [7, 11, 8],
			"rotation": {"angle": 0, "axis": "y", "origin": [8, 5, 8]},
			"faces": {
				"north": {"uv": [13, 2, 13.5, 2.5], "texture": "#1"},
				"south": {"uv": [13, 2, 13.5, 2.5], "texture": "#1"}
			}
		},
		{
			"from": [4, 8, 8],
			"to": [5, 9, 8],
			"rotation": {"angle": 0, "axis": "y", "origin": [8, 5, 8]},
			"faces": {
				"north": {"uv": [13.5, 2, 14, 2.5], "texture": "#1"},
				"south": {"uv": [13.5, 2, 14, 2.5], "texture": "#1"}
			}
		},
		{
			"from": [5, 7, 8],
			"to": [6, 8, 8],
			"rotation": {"angle": 0, "axis": "y", "origin": [8, 5, 8]},
			"faces": {
				"north": {"uv": [14, 2, 14.5, 2.5], "texture": "#1"},
				"south": {"uv": [14, 2, 14.5, 2.5], "texture": "#1"}
			}
		},
		{
			"from": [4, 6, 8],
			"to": [5, 7, 8],
			"rotation": {"angle": 0, "axis": "y", "origin": [8, 5, 8]},
			"faces": {
				"north": {"uv": [14.5, 2, 15, 2.5], "texture": "#1"},
				"south": {"uv": [14.5, 2, 15, 2.5], "texture": "#1"}
			}
		},
		{
			"from": [5, 5, 8],
			"to": [6, 6, 8],
			"rotation": {"angle": 0, "axis": "y", "origin": [8, 5, 8]},
			"faces": {
				"north": {"uv": [15, 2, 15.5, 2.5], "texture": "#1"},
				"south": {"uv": [15, 2, 15.5, 2.5], "texture": "#1"}
			}
		},
		{
			"from": [8, 6, 11],
			"to": [8, 7, 12],
			"rotation": {"angle": 0, "axis": "y", "origin": [8, 5, 8]},
			"faces": {
				"east": {"uv": [14.5, 2, 15, 2.5], "texture": "#1"},
				"west": {"uv": [14.5, 2, 15, 2.5], "texture": "#1"}
			}
		},
		{
			"from": [8, 7, 10],
			"to": [8, 8, 11],
			"rotation": {"angle": 0, "axis": "y", "origin": [8, 5, 8]},
			"faces": {
				"east": {"uv": [14, 2, 14.5, 2.5], "texture": "#1"},
				"west": {"uv": [14, 2, 14.5, 2.5], "texture": "#1"}
			}
		},
		{
			"from": [8, 8, 11],
			"to": [8, 9, 12],
			"rotation": {"angle": 0, "axis": "y", "origin": [8, 5, 8]},
			"faces": {
				"east": {"uv": [13.5, 2, 14, 2.5], "texture": "#1"},
				"west": {"uv": [13.5, 2, 14, 2.5], "texture": "#1"}
			}
		},
		{
			"from": [8, 9, 10],
			"to": [8, 10, 11],
			"rotation": {"angle": 0, "axis": "y", "origin": [8, 5, 8]},
			"faces": {
				"east": {"uv": [13, 2, 13.5, 2.5], "texture": "#1"},
				"west": {"uv": [13, 2, 13.5, 2.5], "texture": "#1"}
			}
		},
		{
			"from": [8, 10, 9],
			"to": [8, 11, 10],
			"rotation": {"angle": 0, "axis": "y", "origin": [8, 5, 8]},
			"faces": {
				"east": {"uv": [13, 2, 13.5, 2.5], "texture": "#1"},
				"west": {"uv": [13, 2, 13.5, 2.5], "texture": "#1"}
			}
		},
		{
			"from": [10, 5, 8],
			"to": [11, 6, 8],
			"rotation": {"angle": 0, "axis": "y", "origin": [8, 5, 8]},
			"faces": {
				"north": {"uv": [15, 2, 15.5, 2.5], "texture": "#1"},
				"south": {"uv": [15, 2, 15.5, 2.5], "texture": "#1"}
			}
		},
		{
			"from": [11, 6, 8],
			"to": [12, 7, 8],
			"rotation": {"angle": 0, "axis": "y", "origin": [8, 5, 8]},
			"faces": {
				"north": {"uv": [14.5, 2, 15, 2.5], "texture": "#1"},
				"south": {"uv": [14.5, 2, 15, 2.5], "texture": "#1"}
			}
		},
		{
			"from": [10, 7, 8],
			"to": [11, 8, 8],
			"rotation": {"angle": 0, "axis": "y", "origin": [8, 5, 8]},
			"faces": {
				"north": {"uv": [14, 2, 14.5, 2.5], "texture": "#1"},
				"south": {"uv": [14, 2, 14.5, 2.5], "texture": "#1"}
			}
		},
		{
			"from": [11, 8, 8],
			"to": [12, 9, 8],
			"rotation": {"angle": 0, "axis": "y", "origin": [8, 5, 8]},
			"faces": {
				"north": {"uv": [13.5, 2, 14, 2.5], "texture": "#1"},
				"south": {"uv": [13.5, 2, 14, 2.5], "texture": "#1"}
			}
		},
		{
			"from": [10, 9, 8],
			"to": [11, 10, 8],
			"rotation": {"angle": 0, "axis": "y", "origin": [8, 5, 8]},
			"faces": {
				"north": {"uv": [13, 2, 13.5, 2.5], "texture": "#1"},
				"south": {"uv": [13, 2, 13.5, 2.5], "texture": "#1"}
			}
		},
		{
			"from": [9, 10, 8],
			"to": [10, 11, 8],
			"rotation": {"angle": 0, "axis": "y", "origin": [8, 5, 8]},
			"faces": {
				"north": {"uv": [13, 2, 13.5, 2.5], "texture": "#1"},
				"south": {"uv": [13, 2, 13.5, 2.5], "texture": "#1"}
			}
		}
	],
	"display": {
		"thirdperson_righthand": {
			"rotation": [75, 45, 0],
			"translation": [0, 2.5, 0],
			"scale": [0.375, 0.375, 0.375]
		},
		"thirdperson_lefthand": {
			"rotation": [75, 45, 0],
			"translation": [0, 2.5, 0],
			"scale": [0.375, 0.375, 0.375]
		},
		"firstperson_righthand": {
			"rotation": [0, 45, 0],
			"scale": [0.4, 0.4, 0.4]
		},
		"firstperson_lefthand": {
			"rotation": [0, 225, 0],
			"scale": [0.4, 0.4, 0.4]
		},
		"ground": {
			"translation": [0, 3, 0],
			"scale": [0.25, 0.25, 0.25]
		},
		"gui": {
			"rotation": [30, 225, 0],
			"scale": [0.625, 0.625, 0.625]
		},
		"fixed": {
			"scale": [0.5, 0.5, 0.5]
		}
	},
	"groups": [
		{
			"name": "electrical_connector",
			"origin": [8, 8, 8],
			"color": 0,
			"children": [
				0,
				1,
				2,
				3,
				4,
				5,
				6,
				7,
				8,
				9,
				10,
				11,
				12,
				{
					"name": "coils",
					"origin": [0, 0, 0],
					"color": 0,
					"children": [13, 14, 15, 16, 17, 18, 19, 20, 21, 22, 23, 24, 25, 26, 27, 28, 29, 30, 31, 32, 33, 34, 35, 36]
				}
			]
		}
	]
}