{
  "name": "再生",
  "icon": "minecraft:ghast_tear",
  "category": "bloodmagic:alchemy_table/potion_flasks/vanilla",
  "pages": [
    {
      "type": "patchouli:text",
      "text": "$(thing)再生$()在一段时间内持续治疔目标。更高的等级将会增加治疔速度。"
    },
    {
      "type": "bloodmagic:3x_crafting_flask",
      "a.heading": "再生 (3:00)",
      "a.recipe": "bloodmagic:flask/regen",
      "b.heading": "再生 (8:00)",
      "b.recipe": "bloodmagic:flask/length_regen",
      "c.heading": "再生 II (1:30)",
      "c.recipe": "bloodmagic:flask/potency_regen"
    },
    {
      "type": "patchouli:text",
      "text": "添加$(l:bloodmagic:alchemy_table/potions#average_potions)标准催化剂$()可以更进一步提升效果。"
    },
    {
      "type": "bloodmagic:2x_crafting_flask",
      "a.heading": "再生 III (0:45)",
      "a.recipe": "bloodmagic:flask/potency_average_regen",
      "b.heading": "再生 (21:20)",
      "b.recipe": "bloodmagic:flask/length_average_regen"
    }
  ]
}
