{
  "name": "虚弱",
  "icon": "minecraft:fermented_spider_eye",
  "category": "bloodmagic:alchemy_table/potion_flasks/vanilla",
  "pages": [
    {
      "type": "patchouli:text",
      "text": "$(thing)虚弱$()每级降低目标的伤害4点。"
    },
    {
      "type": "bloodmagic:3x_crafting_flask",
      "a.heading": "虚弱 (3:00)",
      "a.recipe": "bloodmagic:flask/weakness",
      "b.heading": "虚弱 (8:00)",
      "b.recipe": "bloodmagic:flask/length_weakness",
      "c.heading": "虚弱 II (1:30)",
      "c.recipe": "bloodmagic:flask/potency_weakness"
    },
    {
      "type": "patchouli:text",
      "text": "添加$(l:bloodmagic:alchemy_table/potions#average_potions)标准催化剂$()可以更进一步提升效果。"
    },
    {
      "type": "bloodmagic:2x_crafting_flask",
      "a.heading": "虚弱 III (0:45)",
      "a.recipe": "bloodmagic:flask/potency_average_weakness",
      "b.heading": "虚弱 (21:20)",
      "b.recipe": "bloodmagic:flask/length_average_weakness"
    }

  ]
}
