{
  "name": "仪式调整器",
  "icon": "bloodmagic:ritualtinkerer",
  "category": "bloodmagic:rituals",
  "priority": "true",
  "pages": [
    {
      "type": "patchouli:text",
      "text": "$(item)仪式调整器$()是每个想从$(thing)仪式$()得到所有一切的高端炼金术士的必备工具。有三种主要用途，如下所述。你可以透过按下[$(k:sneak)]以及[$(k:use)]循环切换。"
    },
    {
      "type": "patchouli:crafting",
      "recipe": "bloodmagic:ritual_reader"
    },
    {
      "type": "patchouli:text",
      "text": "$(li)信息:描述了$(thing)仪式$()的功能，类似于$(l:bloodmagic:rituals/ritual_diviner)仪式占卜杖$()。$(li)设置消耗意志:告诉$(thing)仪式$()消耗哪种任何来自$(l:bloodmagic:demon_will/will_manipulation/aura)灵气$()中的$(raw)恶魔意志$()(如果有)。在快捷栏上摆上$(item)恶魔意志水晶$()，最好戴上你想让$(thing)仪式$()所使用的每种$(raw)意志$()类型。更多关于在$(thing)仪式$()上消耗$(raw)恶魔意志$()的信息可以在本书中的$(thing)仪式$()类别中找到。"
    },
    {
      "type": "patchouli:text",
      "text": "$(li)定义范围:指定$(thing)仪式$()应该作用的范围，并显示当前区域。如果需要指定多个区域，对着$(item)主仪式石$()按下[$(k:sneak)]以及[$(k:use)]循环切换。某些$(thing)仪式$()可以扩展到远远超越缺省区域，但请注意，这将会增加消耗的$(blood)LP$()..."
    }
  ]
}
