{
  "name": "鞘翅",
  "icon": "minecraft:elytra",
  "category": "bloodmagic:alchemy_array/living_equipment/armor_upgrades",
  "pages": [
    {
      "type": "patchouli:text",
      "text": "为你的束灵铠甲增加一对鞘翅。只能够使用制作取得这种$(l:bloodmagic:alchemy_array/living_equipment/living_tomes)束灵之书$()。$(br2)这种鞘翅会消耗护甲的耐久度，但消耗速度是一般鞘翅的一半。$(br2)看起来也比较整洁。"
    },
    {
      "type": "bloodmagic:crafting_upgrade_array",
      "a.heading": "鞘翅之书",
      "a.recipe": "bloodmagic:array/living_elytra_upgrade",
      "b.upgrade": "bloodmagic:elytra"
    }
  ]
}